file_name,language,total_lines,blank_lines,comment_lines,comment_ratio,avg_line_length,max_line_length,long_lines_count,max_indentation,num_functions,num_classes,num_if_else,num_loops,num_try_except,has_docstrings,single_letter_vars,magic_numbers,avg_func_length,max_func_length,very_long_functions,label
flask_docs_conf.py,python,101,17,4,0.039603960396039604,40.107142857142854,89,6,2,2,0,5,0,0,0,0,1,10.5,20,0,1
flask_examples_celery_make_celery.py,python,4,1,0,0.0,33.666666666666664,44,0,0,0,0,0,0,0,0,0,0,0.0,0,0,1
flask_examples_celery_src_task_app_tasks.py,python,23,8,0,0.0,31.733333333333334,85,1,2,3,0,0,1,0,0,0,0,2.6666666666666665,4,0,1
flask_examples_celery_src_task_app_views.py,python,38,10,0,0.0,33.714285714285715,76,0,2,4,0,0,0,0,0,2,0,4.5,8,0,1
flask_examples_celery_src_task_app___init__.py,python,39,8,0,0.0,32.61290322580645,71,0,4,4,1,0,0,0,0,0,0,5.5,11,0,1
flask_examples_javascript_js_example_views.py,python,18,5,0,0.0,32.61538461538461,48,0,1,2,0,0,0,0,0,2,0,2.5,3,0,1
flask_examples_javascript_js_example___init__.py,python,5,2,0,0.0,31.666666666666668,49,0,0,0,0,0,0,0,0,0,0,0.0,0,0,1
flask_examples_tutorial_flaskr_auth.py,python,116,26,68,0.5862068965517241,36.333333333333336,87,1,5,6,0,12,0,1,1,0,0,11.833333333333334,30,0,1
flask_examples_tutorial_flaskr_blog.py,python,125,25,71,0.568,32.8,86,1,4,5,0,10,0,0,1,0,4,16.6,26,0,1
flask_examples_tutorial_flaskr_db.py,python,56,16,20,0.35714285714285715,32.525,86,2,3,5,0,2,0,0,1,0,0,6.0,10,0,1
flask_examples_tutorial_flaskr___init__.py,python,48,12,42,0.875,38.72222222222222,72,0,2,2,0,2,0,0,1,0,0,16.0,17,0,1
flask_src_flask_app.py,python,1625,300,782,0.48123076923076924,49.14943396226415,112,37,9,41,2,93,18,9,1,1,23,28.076923076923077,119,3,1
flask_src_flask_blueprints.py,python,128,26,48,0.375,44.26470588235294,85,3,3,4,1,6,0,0,1,0,1,21.25,32,0,1
flask_src_flask_cli.py,python,1127,228,916,0.8127772848269743,40.689655172413794,100,33,6,36,6,77,11,18,1,1,2,21.666666666666668,68,2,1
flask_src_flask_config.py,python,367,81,181,0.49318801089918257,45.93706293706294,87,4,6,14,3,18,5,3,1,1,2,16.307692307692307,45,0,1
flask_src_flask_ctx.py,python,540,137,275,0.5092592592592593,44.583126550868485,97,19,4,32,2,27,0,4,1,0,7,9.53125,42,0,1
flask_src_flask_debughelpers.py,python,179,33,62,0.3463687150837989,41.34931506849315,85,3,5,7,4,17,4,1,1,0,4,16.285714285714285,47,0,1
flask_src_flask_globals.py,python,77,19,15,0.19480519480519481,41.293103448275865,81,2,3,2,6,2,0,0,1,0,0,6.0,10,0,1
flask_src_flask_helpers.py,python,682,148,402,0.5894428152492669,45.859550561797754,90,11,7,30,1,26,1,3,1,0,13,16.517241379310345,104,1,1
flask_src_flask_json_provider.py,python,215,52,111,0.5162790697674419,46.576687116564415,89,3,3,11,3,10,0,0,1,0,1,8.272727272727273,21,0,1
flask_src_flask_json_tag.py,python,327,91,270,0.8256880733944955,38.940677966101696,80,0,4,37,11,9,2,0,1,0,0,3.135135135135135,26,0,1
flask_src_flask_json___init__.py,python,170,48,126,0.7411764705882353,45.368852459016395,84,1,2,5,0,6,0,0,1,0,1,22.0,24,0,1
flask_src_flask_logging.py,python,79,24,25,0.31645569620253167,42.78181818181818,80,0,3,3,0,6,1,0,1,0,0,14.333333333333334,18,0,1
flask_src_flask_sansio_app.py,python,1010,180,568,0.5623762376237624,47.23132530120482,101,21,9,42,1,34,9,1,1,0,11,13.285714285714286,113,1,1
flask_src_flask_sansio_blueprints.py,python,692,120,236,0.34104046242774566,47.02272727272727,89,38,5,40,2,34,8,0,1,0,4,11.894736842105264,84,1,1
flask_src_flask_sansio_scaffold.py,python,792,151,463,0.5845959595959596,47.13416536661467,89,39,8,43,1,31,4,2,1,0,3,12.69767441860465,128,1,1
flask_src_flask_sessions.py,python,385,75,265,0.6883116883116883,48.04516129032258,114,15,5,22,6,12,0,1,1,1,1,8.818181818181818,43,0,1
flask_src_flask_signals.py,python,17,3,1,0.058823529411764705,53.357142857142854,69,0,0,0,0,0,0,0,0,0,0,0.0,0,0,1
flask_src_flask_templating.py,python,212,46,43,0.2028301886792453,43.91566265060241,87,4,5,15,2,10,5,2,1,0,0,8.533333333333333,18,0,1
flask_src_flask_testing.py,python,298,61,77,0.25838926174496646,42.41772151898734,112,6,5,12,3,18,1,1,1,0,3,14.083333333333334,39,0,1
flask_src_flask_typing.py,python,87,10,14,0.16091954022988506,40.311688311688314,87,4,1,0,0,1,0,0,0,0,0,0.0,0,0,1
flask_src_flask_views.py,python,191,45,103,0.5392670157068062,47.37671232876713,111,4,5,9,4,8,4,0,1,0,0,12.0,38,0,1
flask_src_flask_wrappers.py,python,257,63,122,0.47470817120622566,48.15979381443299,89,10,4,12,2,14,0,1,1,0,3,10.0,22,0,1
flask_src_flask___init__.py,python,39,0,0,0.0,53.12820512820513,78,0,0,0,0,0,0,0,0,0,0,0.0,0,0,1
flask_src_flask___main__.py,python,3,1,0,0.0,14.5,22,0,0,0,0,0,0,0,0,0,0,0.0,0,0,1
git_git-p4.py,python,4628,831,1950,0.42134831460674155,45.30892810113247,228,255,14,200,18,732,125,22,1,36,39,17.537688442211056,265,16,1
git_abspath.c,c,327,44,242,0.7400611620795107,30.190812720848058,81,0,2,74,10,36,5,0,0,0,0,16.0,105,1,1
git_add-interactive.c,c,1266,194,1004,0.7930489731437599,31.50652985074627,84,0,2,212,95,134,20,0,0,2,2,22.714285714285715,108,5,1
git_add-patch.c,c,1945,210,1100,0.5655526992287918,32.62420749279539,80,0,3,256,53,244,30,0,0,0,3,36.55555555555556,375,7,1
git_advice.c,c,314,41,210,0.6687898089171974,36.1941391941392,96,0,2,49,3,26,3,0,0,0,0,12.894736842105264,52,1,1
git_alias.c,c,173,29,147,0.8497109826589595,25.680555555555557,70,0,2,35,6,20,4,0,0,2,1,15.875,47,0,1
git_alloc.c,c,129,20,91,0.7054263565891473,26.009174311926607,93,0,0,26,13,2,1,0,0,0,0,6.25,14,0,1
git_apply.c,c,5232,573,2531,0.4837538226299694,29.961150461472418,116,3,3,781,152,607,73,0,0,3,96,26.281045751633986,225,23,1
git_archive-tar.c,c,544,70,415,0.7628676470588235,29.88818565400844,112,1,7,138,15,49,9,0,0,0,16,15.291666666666666,63,1,1
git_archive-zip.c,c,666,88,386,0.5795795795795796,30.918685121107266,75,0,2,183,20,50,6,0,0,1,23,16.433333333333334,235,1,1
git_archive.c,c,827,110,513,0.6203143893591294,30.712691771269178,100,0,2,183,54,75,9,0,0,0,2,21.266666666666666,107,5,1
git_attr.c,c,1367,202,550,0.4023408924652524,29.952789699570815,103,1,3,257,56,108,28,0,0,2,5,14.014705882352942,78,2,1
git_base85.c,c,132,12,122,0.9242424242424242,23.683333333333334,64,0,1,28,0,12,10,0,0,0,14,13.0,34,0,1
git_bisect.c,c,1221,172,546,0.44717444717444715,30.101048617731173,96,0,2,239,54,98,25,0,0,1,6,20.829268292682926,101,2,1
git_blame.c,c,2950,302,1253,0.4247457627118644,32.47205438066465,115,3,3,350,203,228,66,0,0,0,7,17.91566265060241,127,6,1
git_blob.c,c,18,3,0,0.0,26.666666666666668,76,0,0,5,2,1,0,0,0,0,0,4.5,6,0,1
git_bloom.c,c,614,103,285,0.46416938110749184,29.44031311154599,109,1,2,112,25,49,14,0,0,0,16,17.6,107,1,1
git_branch.c,c,863,96,300,0.34762456546929316,33.01173402868318,132,2,2,167,41,73,5,0,1,3,1,26.458333333333332,98,5,1
git_bundle-uri.c,c,1001,157,374,0.37362637362637363,29.791469194312796,89,0,2,137,53,88,6,0,1,0,0,21.529411764705884,130,4,1
git_bundle.c,c,640,87,328,0.5125,30.171790235081374,105,1,3,128,35,69,8,0,0,0,1,24.75,108,4,1
git_cache-tree.c,c,1057,129,271,0.2563859981078524,28.441810344827587,135,1,2,168,56,108,20,0,0,0,7,26.870967741935484,188,3,1
git_cbtree.c,c,136,23,128,0.9411764705882353,30.920353982300885,80,0,1,23,10,9,5,0,0,0,1,15.833333333333334,50,0,1
git_chdir-notify.c,c,114,20,0,0.0,24.627659574468087,73,0,2,12,8,6,0,0,0,0,0,10.285714285714286,22,0,1
git_checkout.c,c,75,5,63,0.84,29.2,93,0,1,15,7,7,0,0,0,0,0,14.5,24,0,1
git_chunk-format.c,c,215,38,149,0.6930232558139535,27.6045197740113,92,0,2,33,9,9,5,0,0,0,0,10.615384615384615,45,0,1
git_color.c,c,500,59,288,0.576,25.693877551020407,85,0,2,78,4,52,7,0,0,1,22,16.91304347826087,91,2,1
git_column.c,c,412,62,277,0.6723300970873787,27.957142857142856,73,0,2,73,7,41,11,0,0,0,0,16.333333333333332,45,0,1
git_combine-diff.c,c,1672,181,1034,0.618421052631579,29.641851106639837,120,1,2,198,74,170,82,0,0,1,1,32.58536585365854,190,9,1
git_commit-graph.c,c,2931,541,1493,0.5093824633230979,33.06569037656904,105,1,3,555,178,280,66,0,0,1,15,20.05607476635514,153,7,1
git_commit-reach.c,c,1366,215,924,0.6764275256222547,30.45351867940921,100,0,3,240,118,126,65,0,0,1,1,28.942857142857143,96,8,1
git_commit.c,c,2029,259,1149,0.5662888122227698,29.92824858757062,124,4,3,356,131,184,53,0,0,1,7,16.178947368421053,99,6,1
git_common-exit.c,c,26,4,9,0.34615384615384615,30.727272727272727,84,0,0,4,0,1,0,0,0,0,0,8.5,12,0,1
git_common-init.c,c,63,12,16,0.25396825396825395,31.058823529411764,71,0,0,19,1,1,0,0,0,0,0,14.0,21,0,1
git_common-main.c,c,13,3,3,0.23076923076923078,23.3,60,0,0,5,0,0,0,0,0,0,0,7.0,7,0,1
git_config.c,c,3594,464,1861,0.5178074568725654,28.810862619808308,122,1,3,606,111,374,30,0,0,10,9,16.233532934131738,223,7,1
git_connect.c,c,1539,217,970,0.6302794022092267,29.245839636913768,109,1,2,319,39,175,18,0,0,0,5,21.236363636363638,84,6,1
git_connected.c,c,167,17,35,0.20958083832335328,31.606666666666666,71,0,2,28,7,21,2,0,0,0,0,126.0,126,1,1
git_convert.c,c,2061,278,1076,0.5220766618146531,28.470555243970836,109,1,3,298,73,252,18,0,1,3,11,20.037974683544302,110,8,1
git_copy.c,c,74,8,0,0.0,22.606060606060606,68,0,0,12,2,10,1,0,0,0,4,13.75,25,0,1
git_credential.c,c,710,92,177,0.24929577464788732,30.946601941747574,96,0,2,197,12,98,8,0,1,0,1,16.4375,70,2,1
git_csum-file.c,c,268,38,64,0.23880597014925373,26.88695652173913,85,0,2,67,8,27,1,0,0,0,3,11.058823529411764,33,0,1
git_ctype.c,c,30,2,24,0.8,36.214285714285715,67,0,0,1,0,0,0,0,0,0,17,11.0,11,0,1
git_daemon.c,c,1471,198,897,0.6097892590074779,28.087981146897093,118,2,3,308,48,169,19,0,0,0,8,21.76923076923077,207,5,1
git_date.c,c,1420,165,1051,0.7401408450704225,26.58247011952191,136,3,3,173,18,184,15,0,0,5,196,21.471698113207548,113,7,1
git_decorate.c,c,96,13,33,0.34375,24.265060240963855,98,0,1,16,3,10,4,0,0,1,1,11.5,17,0,1
git_delta-islands.c,c,556,117,229,0.4118705035971223,29.46013667425968,85,0,2,116,35,49,15,0,0,0,2,13.962962962962964,55,1,1
git_diagnose.c,c,282,48,43,0.1524822695035461,29.324786324786324,80,0,3,68,15,20,5,0,0,0,2,20.8,85,1,1
git_diff-delta.c,c,510,54,421,0.8254901960784313,34.92763157894737,80,0,2,36,12,38,16,0,0,0,8,47.22222222222222,166,2,1
git_diff-lib.c,c,727,90,215,0.29573590096286106,31.618524332810047,94,0,3,79,31,72,4,0,0,0,3,32.75,166,1,1
git_diff-merges.c,c,192,28,3,0.015625,27.646341463414632,73,0,0,25,0,27,0,0,0,0,0,7.5,30,0,1
git_diff-no-index.c,c,444,64,218,0.49099099099099097,29.813157894736843,84,0,2,83,20,50,5,0,0,0,0,27.166666666666668,108,2,1
git_diff.c,c,7576,862,3950,0.5213833157338965,31.76035150431933,174,6,3,923,315,820,75,0,0,6,60,22.5,279,25,1
git_diffcore-break.c,c,314,34,195,0.6210191082802548,33.96071428571429,64,0,2,29,15,28,3,0,0,0,3,65.25,98,2,1
git_diffcore-delta.c,c,236,20,152,0.6440677966101694,26.310185185185187,72,0,2,31,13,25,7,0,0,1,5,24.428571428571427,58,1,1
git_diffcore-order.c,c,129,18,97,0.751937984496124,21.54954954954955,66,0,1,21,6,12,8,0,0,0,0,15.666666666666666,38,0,1
git_diffcore-pickaxe.c,c,292,37,136,0.4657534246575342,28.67450980392157,75,0,2,38,13,33,5,0,0,0,2,24.88888888888889,56,1,1
git_diffcore-rename.c,c,1724,198,1304,0.7563805104408353,34.39121887287025,85,0,3,216,113,139,27,0,0,1,5,33.42857142857143,302,8,1
git_diffcore-rotate.c,c,47,7,29,0.6170212765957447,26.425,74,0,0,3,2,7,3,0,0,0,0,31.0,31,0,1
git_dir-iterator.c,c,305,54,166,0.5442622950819672,28.721115537848604,78,0,2,35,18,28,3,0,0,0,1,24.11111111111111,44,0,1
git_dir.c,c,4186,511,2496,0.5962732919254659,31.123537414965988,99,0,3,669,160,401,65,0,1,5,6,22.992592592592594,221,15,1
git_editor.c,c,165,25,11,0.06666666666666667,29.25,89,0,2,39,5,23,0,0,0,0,2,16.0,57,1,1
git_entry.c,c,613,73,249,0.4061990212071778,30.375925925925927,85,0,3,113,22,73,6,0,0,0,7,27.27777777777778,124,3,1
git_environment.c,c,724,99,593,0.819060773480663,30.6336,88,0,2,116,5,121,2,0,0,0,0,25.3,221,1,1
git_exec-cmd.c,c,396,60,253,0.6388888888888888,26.06845238095238,80,0,2,77,4,21,1,0,1,0,0,11.894736842105264,41,0,1
git_fetch-negotiator.c,c,30,4,0,0.0,27.23076923076923,69,0,1,6,1,0,0,0,0,0,0,8.5,14,0,1
git_fetch-pack.c,c,2301,271,872,0.37896566710126034,32.30344827586207,149,2,3,434,128,311,47,0,0,0,3,28.603174603174605,249,10,1
git_fmt-merge-msg.c,c,726,85,245,0.33746556473829203,29.507020280811233,78,0,2,155,55,87,14,0,0,2,1,24.391304347826086,79,5,1
git_fsck.c,c,1442,172,535,0.3710124826629681,30.69685039370079,159,26,3,194,38,182,24,0,0,1,8,22.632653061224488,177,7,1
git_fsmonitor-ipc.c,c,176,35,13,0.07386363636363637,28.76595744680851,73,0,2,24,9,4,0,0,0,0,0,11.1,56,1,1
git_fsmonitor-settings.c,c,290,46,123,0.4241379310344828,30.37295081967213,74,0,2,46,3,20,0,0,0,0,0,14.692307692307692,43,0,1
git_fsmonitor.c,c,822,105,419,0.5097323600973236,36.43096234309623,86,0,2,132,19,59,6,0,0,0,2,30.22222222222222,193,1,1
git_gettext.c,c,159,26,52,0.3270440251572327,24.69172932330827,79,0,0,41,0,14,0,0,0,0,2,13.428571428571429,20,0,1
git_git-zlib.c,c,276,34,159,0.5760869565217391,26.735537190082646,78,0,1,69,0,12,2,0,0,0,5,12.470588235294118,33,0,1
git_git.c,c,1011,102,513,0.5074183976261127,33.61056105610561,99,0,2,241,16,131,13,0,0,1,1,39.95238095238095,204,6,1
git_gpg-interface.c,c,1163,166,757,0.6509028374892519,31.16950852557673,131,2,2,206,32,108,13,0,0,0,2,21.804878048780488,140,5,1
git_graph.c,c,1555,175,617,0.3967845659163987,29.8231884057971,91,0,2,203,42,101,26,0,0,1,1,23.79245283018868,164,8,1
git_grep.c,c,2018,224,1138,0.5639246778989098,28.07134894091416,108,2,3,322,48,230,31,0,0,3,18,19.829268292682926,216,8,1
git_hash-lookup.c,c,134,12,50,0.373134328358209,27.9672131147541,72,0,1,21,0,16,4,0,0,0,0,19.5,43,0,1
git_hash.c,c,319,37,10,0.03134796238244514,30.117021276595743,97,0,2,61,3,6,3,0,0,0,0,5.690476190476191,48,0,1
git_hashmap.c,c,352,48,246,0.6988636363636364,28.17763157894737,80,0,2,66,20,22,12,0,0,4,2,9.423076923076923,20,0,1
git_help.c,c,899,143,526,0.5850945494994438,30.12830687830688,103,1,2,228,38,65,29,0,0,1,3,15.928571428571429,111,2,1
git_hex-ll.c,c,49,3,45,0.9183673469387755,39.73913043478261,69,0,0,2,0,1,1,0,0,0,44,21.5,34,0,1
git_hex.c,c,124,17,8,0.06451612903225806,27.149532710280372,86,0,2,22,0,7,3,0,0,0,0,6.230769230769231,17,0,1
git_hook.c,c,546,98,289,0.5293040293040293,32.892857142857146,83,0,2,111,43,44,3,0,0,0,0,18.7,54,1,1
git_http-backend.c,c,829,134,510,0.6151990349819059,29.057553956834532,98,0,3,264,26,79,9,0,0,0,29,13.6,54,2,1
git_http-fetch.c,c,183,32,0,0.0,31.172185430463575,88,0,2,35,6,25,1,0,0,0,1,43.333333333333336,72,1,1
git_http-push.c,c,2010,286,1572,0.7820895522388059,30.150812064965198,244,9,2,490,116,195,19,0,0,0,12,26.45762711864407,262,7,1
git_http-walker.c,c,627,91,383,0.6108452950558214,28.690298507462686,76,0,2,113,54,58,13,0,0,1,1,22.863636363636363,132,2,1
git_http.c,c,2857,396,1689,0.5911795589779489,31.603006907761074,107,1,2,647,76,317,43,0,0,1,28,25.27906976744186,222,10,1
git_ident.c,c,736,85,547,0.7432065217391305,27.9431643625192,80,0,2,141,11,83,13,0,0,0,3,18.766666666666666,80,3,1
git_imap-send.c,c,1888,257,1336,0.7076271186440678,27.7271612507664,99,0,2,424,51,239,21,0,0,3,22,25.275862068965516,190,6,1
git_json-writer.c,c,407,63,33,0.08108108108108109,24.773255813953487,82,0,2,138,4,33,5,0,0,0,0,54.166666666666664,283,1,1
git_kwset.c,c,817,76,482,0.5899632802937577,30.685560053981106,78,0,3,90,27,84,27,0,0,0,20,35.666666666666664,147,4,1
git_levenshtein.c,c,86,7,65,0.7558139534883721,32.56962025316456,77,0,1,13,0,3,3,0,0,0,0,38.0,38,0,1
git_line-log.c,c,1349,187,771,0.5715344699777613,29.252151462994835,112,1,3,198,108,112,45,0,0,2,3,15.046153846153846,94,3,1
git_line-range.c,c,297,37,241,0.8114478114478114,26.057692307692307,89,0,2,36,1,48,8,0,0,0,9,37.833333333333336,85,2,1
git_linear-assignment.c,c,207,21,185,0.893719806763285,22.56989247311828,79,0,2,30,0,24,16,0,0,2,0,172.0,172,1,1
git_list-objects-filter-options.c,c,446,67,167,0.3744394618834081,31.345646437994723,82,0,3,71,28,40,4,0,0,0,0,16.842105263157894,61,1,1
git_list-objects-filter.c,c,830,116,361,0.43493975903614457,31.337535014005603,77,0,2,93,86,45,4,0,0,0,0,17.625,103,2,1
git_list-objects.c,c,447,54,96,0.21476510067114093,30.221374045801525,73,0,3,66,45,61,8,0,0,0,1,23.714285714285715,58,1,1
git_lockfile.c,c,358,57,221,0.61731843575419,30.803986710963454,87,0,2,78,11,32,4,0,0,2,5,15.785714285714286,41,0,1
git_log-tree.c,c,1204,146,609,0.5058139534883721,32.68714555765595,103,2,2,186,61,135,11,0,0,0,7,24.307692307692307,166,6,1
git_loose.c,c,268,36,230,0.8582089552238806,30.79741379310345,106,1,2,70,20,25,4,0,0,0,1,18.0,40,0,1
git_ls-refs.c,c,224,36,124,0.5535714285714286,30.180851063829788,99,0,3,41,13,26,2,0,0,0,0,17.555555555555557,46,0,1
git_mailinfo.c,c,1319,158,634,0.4806671721000758,25.70714900947459,89,0,2,277,22,155,31,0,0,4,17,23.47826086956522,77,3,1
git_mailmap.c,c,333,48,234,0.7027027027027027,27.364912280701756,72,0,2,65,13,36,5,0,0,0,1,16.133333333333333,42,0,1
git_match-trees.c,c,380,44,186,0.48947368421052634,27.133928571428573,80,0,3,57,10,43,3,0,0,0,10,27.3,63,1,1
git_mem-pool.c,c,220,40,102,0.4636363636363636,29.1,102,1,2,43,8,13,3,0,0,0,0,11.75,24,0,1
git_merge-blobs.c,c,106,11,13,0.12264150943396226,24.03157894736842,68,0,2,10,2,11,0,0,0,0,0,19.5,39,0,1
git_merge-ll.c,c,470,47,169,0.3595744680851064,30.16548463356974,88,0,2,71,12,54,5,0,0,0,5,22.2,67,2,1
git_merge-ort-wrappers.c,c,134,20,118,0.8805970149253731,29.850877192982455,93,0,2,23,17,12,1,0,0,0,0,16.6,30,0,1
git_merge-ort.c,c,5602,584,3845,0.6863620135665833,36.453168593064966,123,1,3,882,308,348,58,0,1,4,5,48.66315789473684,333,28,1
git_merge.c,c,113,16,0,0.0,30.948453608247423,78,0,2,27,6,7,4,0,0,0,0,24.666666666666668,50,0,1
git_midx-write.c,c,1861,330,509,0.2735088662009672,32.160679294578706,99,0,3,300,119,172,47,0,0,0,14,26.692307692307693,404,5,1
git_midx.c,c,1002,187,591,0.5898203592814372,32.249079754601226,93,0,3,190,55,90,20,0,0,0,4,15.844444444444445,113,2,1
git_name-hash.c,c,760,116,188,0.24736842105263157,30.78416149068323,108,1,1,142,55,48,15,0,0,1,0,14.085714285714285,62,2,1
git_notes-cache.c,c,105,19,0,0.0,29.976744186046513,112,1,2,14,7,10,0,0,0,0,0,13.2,19,0,1
git_notes-merge.c,c,770,78,582,0.7558441558441559,35.00722543352601,104,1,2,197,38,85,7,0,0,2,2,32.89473684210526,113,4,1
git_notes-utils.c,c,200,21,103,0.515,30.687150837988828,81,0,1,44,12,31,2,0,0,0,1,19.125,39,0,1
git_notes.c,c,1386,160,981,0.7077922077922078,32.05138662316477,111,1,2,277,70,106,18,0,0,2,14,17.280701754385966,90,3,1
git_object-file-convert.c,c,290,31,190,0.6551724137931034,33.06563706563706,84,0,2,67,10,34,4,0,0,0,2,36.666666666666664,87,1,1
git_object-file.c,c,2217,278,1114,0.5024808299503835,30.749871067560598,87,0,3,397,102,226,18,0,1,4,17,21.5,118,7,1
git_object-name.c,c,2182,261,1135,0.5201649862511457,29.129099427381572,133,2,2,311,113,267,30,0,1,2,11,20.391304347826086,145,3,1
git_object.c,c,622,79,96,0.15434083601286175,28.016574585635357,157,2,2,124,41,69,13,0,0,2,3,13.205882352941176,63,1,1
git_odb.c,c,1061,168,550,0.5183788878416589,29.407614781634937,92,0,3,183,56,103,19,0,0,1,1,16.711111111111112,73,4,1
git_oid-array.c,c,103,16,42,0.4077669902912621,23.919540229885058,76,0,2,19,1,8,3,0,0,0,0,7.555555555555555,12,0,1
git_oidmap.c,c,79,17,0,0.0,29.70967741935484,72,0,2,21,5,6,1,0,0,0,0,6.857142857142857,14,0,1
git_oidset.c,c,110,16,5,0.045454545454545456,26.627659574468087,75,0,2,30,6,10,3,0,0,0,0,8.666666666666666,32,0,1
git_oidtree.c,c,109,21,56,0.5137614678899083,28.397727272727273,70,0,1,24,7,7,0,0,0,0,0,10.571428571428571,20,0,1
git_pack-bitmap-write.c,c,1113,208,334,0.3000898472596586,31.844198895027624,100,0,2,237,83,93,32,0,1,1,9,23.61764705882353,102,5,1
git_pack-bitmap.c,c,3421,616,1069,0.31248173048816136,31.879144385026738,99,0,3,583,265,311,59,0,0,0,6,22.00877192982456,122,11,1
git_pack-check.c,c,209,27,68,0.3253588516746411,31.917582417582416,90,0,2,39,10,22,4,0,0,0,2,26.666666666666668,111,1,1
git_pack-mtimes.c,c,132,24,28,0.21212121212121213,27.25925925925926,103,1,2,27,3,16,0,0,0,0,0,19.0,57,1,1
git_pack-objects.c,c,243,49,30,0.12345679012345678,28.123711340206185,76,0,3,48,7,22,3,0,0,0,4,16.1,40,0,1
git_pack-refs.c,c,56,7,9,0.16071428571428573,36.95918367346939,100,0,1,17,7,3,0,0,0,0,0,37.0,37,0,1
git_pack-revindex.c,c,605,91,270,0.4462809917355372,31.40272373540856,90,0,2,101,12,62,10,0,0,0,1,19.434782608695652,80,2,1
git_pack-write.c,c,614,81,230,0.3745928338762215,32.168855534709195,88,0,3,133,39,49,13,0,0,1,8,17.333333333333332,107,2,1
git_packfile.c,c,2693,361,870,0.32305978462681023,30.027015437392794,130,1,3,438,153,265,43,0,0,2,27,19.49056603773585,185,7,1
git_abspath.h,c,54,7,36,0.6666666666666666,38.851063829787236,77,0,2,11,0,0,0,0,1,0,0,3.0,3,0,1
git_add-interactive.h,c,57,11,0,0.0,30.08695652173913,84,0,2,1,8,0,0,0,0,0,0,8.0,19,0,1
git_advice.h,c,87,7,61,0.7011494252873564,32.0375,73,0,0,10,1,0,0,0,1,0,0,49.0,49,0,1
git_alias.h,c,15,3,8,0.5333333333333333,36.5,59,0,0,6,2,0,0,0,0,0,0,0.0,0,0,1
git_alloc.h,c,20,4,0,0.0,30.5625,57,0,0,8,6,0,0,0,0,0,0,0.0,0,0,1
git_apply.h,c,190,25,135,0.7105263157894737,32.35151515151515,82,0,2,8,16,0,0,0,0,0,0,24.0,78,1,1
git_archive.h,c,63,12,34,0.5396825396825397,30.705882352941178,93,0,1,7,10,0,0,0,0,0,0,12.5,19,0,1
git_attr.h,c,286,34,215,0.7517482517482518,32.74603174603175,82,0,1,39,20,6,1,0,1,0,0,7.111111111111111,15,0,1
git_banned.h,c,47,7,7,0.14893617021276595,28.1,74,0,0,16,0,0,0,0,0,0,0,0.0,0,0,1
git_base85.h,c,7,2,1,0.14285714285714285,35.6,65,0,0,2,0,0,0,0,0,0,0,0.0,0,0,1
git_bisect.h,c,77,13,28,0.36363636363636365,36.546875,77,0,1,9,6,0,0,0,0,0,2,6.5,9,0,1
git_blame.h,c,191,29,113,0.5916230366492147,34.54320987654321,80,0,2,15,24,1,0,0,0,0,0,28.25,45,0,1
git_blob.h,c,24,6,9,0.375,36.0,77,0,0,3,3,0,0,0,1,0,0,3.0,3,0,1
git_bloom.h,c,170,22,84,0.49411764705882355,33.87162162162162,81,0,2,13,14,0,0,0,0,0,0,8.833333333333334,32,0,1
git_branch.h,c,156,15,105,0.6730769230769231,37.46099290780142,96,0,2,10,2,0,1,0,1,0,0,5.5,10,0,1
git_builtin.h,c,286,8,122,0.42657342657342656,64.60431654676259,107,8,0,140,0,1,1,0,1,0,0,2.5,4,0,1
git_bundle-uri.h,c,168,26,91,0.5416666666666666,30.366197183098592,77,0,2,6,10,0,0,0,1,0,0,11.0,30,0,1
git_bundle.h,c,74,9,21,0.28378378378378377,36.13846153846154,74,0,1,10,6,0,0,0,1,0,0,6.75,10,0,1
git_cache-tree.h,c,55,11,46,0.8363636363636363,40.38636363636363,136,2,0,17,10,0,0,0,0,0,0,7.0,7,0,1
git_cbtree.h,c,54,9,46,0.8518518518518519,33.46666666666667,78,0,0,5,8,0,0,0,0,0,0,4.4,10,0,1
git_chdir-notify.h,c,75,5,56,0.7466666666666667,37.785714285714285,84,0,2,3,0,0,0,0,0,0,0,3.0,3,0,1
git_checkout.h,c,15,3,6,0.4,30.083333333333332,71,0,1,0,1,0,0,0,0,0,0,0.0,0,0,1
git_chunk-format.h,c,73,10,29,0.3972602739726027,33.36507936507937,70,0,2,11,3,0,0,0,0,0,0,0.0,0,0,1
git_color.h,c,143,14,66,0.46153846153846156,40.93023255813954,80,0,0,19,1,0,0,0,0,0,0,6.0,6,0,1
git_column.h,c,46,9,41,0.8913043478260869,39.08108108108108,73,0,2,9,3,0,0,0,0,0,0,4.5,6,0,1
git_commit-graph.h,c,215,34,73,0.3395348837209302,38.92817679558011,92,0,2,25,25,0,0,0,0,0,0,10.2,28,0,1
git_commit-reach.h,c,159,20,87,0.5471698113207547,37.64748201438849,82,0,2,7,29,0,0,0,1,0,0,13.0,21,0,1
git_commit-slab-decl.h,c,44,6,22,0.5,38.21052631578947,97,0,2,16,1,0,0,0,0,0,0,5.0,6,0,1
git_commit-slab-impl.h,c,105,5,12,0.11428571428571428,31.24,85,0,2,20,1,6,4,0,0,0,0,8.571428571428571,23,0,1
git_commit-slab.h,c,66,4,55,0.8333333333333334,41.88709677419355,77,0,0,16,0,0,0,0,0,0,0,0.0,0,0,1
git_commit.h,c,425,76,284,0.668235294117647,43.07163323782235,125,2,3,72,63,1,0,0,0,0,1,5.266666666666667,12,0,1
git_common-init.h,c,6,2,1,0.16666666666666666,26.25,34,0,0,1,0,0,0,0,0,0,0,0.0,0,0,1
git_config.h,c,715,85,469,0.6559440559440559,40.22380952380952,146,5,2,95,19,1,0,0,1,0,0,6.928571428571429,28,0,1
git_connect.h,c,33,6,0,0.0,47.81481481481482,110,2,2,17,3,0,0,0,0,0,0,0.0,0,0,1
git_connected.h,c,72,13,49,0.6805555555555556,33.30508474576271,73,0,1,1,5,0,0,0,0,0,0,16.5,32,0,1
git_convert.h,c,240,29,182,0.7583333333333333,35.19431279620853,89,0,2,14,21,0,0,0,1,0,0,8.909090909090908,26,0,1
git_copy.h,c,10,2,1,0.1,33.5,69,0,0,4,0,0,0,0,0,0,0,0.0,0,0,1
git_credential.h,c,311,30,211,0.6784565916398714,35.87544483985765,81,0,2,26,9,0,0,0,1,0,0,22.2,55,1,1
git_csum-file.h,c,102,16,58,0.5686274509803921,31.41860465116279,95,0,2,21,9,0,0,0,1,0,0,6.666666666666667,21,0,1
git_date.h,c,73,8,28,0.3835616438356164,33.01538461538462,78,0,0,18,2,0,0,0,1,0,0,6.666666666666667,12,0,1
git_decorate.h,c,71,10,45,0.6338028169014085,28.40983606557377,88,0,0,4,3,0,0,0,0,0,0,12.5,21,0,1
git_delta-islands.h,c,19,3,1,0.05263157894736842,38.8125,76,0,1,6,5,0,0,0,0,0,0,0.0,0,0,1
git_delta.h,c,104,10,54,0.5192307692307693,36.648936170212764,78,0,3,11,3,1,1,0,0,1,0,11.0,12,0,1
git_diagnose.h,c,21,6,1,0.047619047619047616,26.133333333333333,81,0,2,1,3,0,0,0,0,0,0,5.0,5,0,1
git_diff-merges.h,c,28,11,5,0.17857142857142858,39.76470588235294,70,0,0,0,1,0,0,0,0,0,0,0.0,0,0,1
git_diff.h,c,772,123,399,0.5168393782383419,37.62557781201849,109,1,2,18,45,0,1,0,1,0,13,33.111111111111114,147,2,1
git_diffcore.h,c,236,33,173,0.7330508474576272,38.0,101,1,2,18,31,0,3,0,1,0,0,6.454545454545454,25,0,1
git_dir-iterator.h,c,114,11,95,0.8333333333333334,35.980582524271846,79,0,0,13,4,4,1,0,0,0,0,13.0,16,0,1
git_dir.h,c,716,97,426,0.5949720670391061,36.09208400646204,100,0,2,79,57,0,0,0,1,0,0,13.631578947368421,119,1,1
git_editor.h,c,35,6,15,0.42857142857142855,40.96551724137931,75,0,2,4,2,0,0,0,1,0,0,0.0,0,0,1
git_entry.h,c,71,9,25,0.352112676056338,35.74193548387097,82,0,2,9,7,0,0,0,0,0,0,4.5,13,0,1
git_environment.h,c,232,32,183,0.7887931034482759,40.095,80,0,2,16,4,0,0,0,0,0,0,6.25,8,0,1
git_exec-cmd.h,c,16,3,6,0.375,36.30769230769231,69,0,0,8,1,0,0,0,0,0,0,0.0,0,0,1
git_fetch-negotiator.h,c,67,10,44,0.6567164179104478,32.56140350877193,80,0,1,14,4,0,0,0,0,0,0,30.0,30,0,1
git_fetch-pack.h,c,120,13,51,0.425,34.45794392523364,81,0,2,4,9,0,0,0,0,0,0,55.0,55,1,1
git_fmt-merge-msg.h,c,21,6,1,0.047619047619047616,29.8,61,0,1,0,2,0,0,0,0,0,0,6.0,6,0,1
git_for-each-ref.h,c,26,4,9,0.34615384615384615,45.90909090909091,84,0,2,2,2,0,0,0,0,0,0,0.0,0,0,1
git_fsck.h,c,306,27,180,0.5882352941176471,33.61290322580645,86,0,2,95,15,0,0,0,0,0,0,6.666666666666667,13,0,1
git_fsmonitor--daemon.h,c,171,24,123,0.7192982456140351,39.435374149659864,81,0,2,8,18,0,0,0,0,0,0,15.0,20,0,1
git_fsmonitor-ipc.h,c,50,8,31,0.62,31.357142857142858,71,0,2,3,3,0,0,0,0,0,0,0.0,0,0,1
git_fsmonitor-ll.h,c,52,10,29,0.5576923076923077,35.666666666666664,94,0,0,8,2,0,0,0,0,0,0,0.0,0,0,1
git_fsmonitor-path-utils.h,c,60,8,34,0.5666666666666667,27.076923076923077,71,0,0,3,4,0,0,0,0,0,0,4.0,4,0,1
git_fsmonitor-settings.h,c,54,9,45,0.8333333333333334,41.51111111111111,76,0,2,7,2,0,0,0,0,0,0,7.5,9,0,1
git_fsmonitor.h,c,71,8,27,0.38028169014084506,39.888888888888886,94,0,1,12,0,3,0,0,0,0,0,8.0,11,0,1
git_gettext.h,c,69,10,14,0.2028985507246377,24.661016949152543,68,0,0,18,0,3,0,0,0,0,0,4.25,7,0,1
git_git-compat-util.h,c,1101,130,686,0.623069936421435,32.765190525231716,98,0,3,230,4,35,12,0,1,0,9,5.714285714285714,15,0,1
git_git-curl-compat.h,c,62,6,40,0.6451612903225806,34.0,79,0,0,1,0,0,0,0,1,0,0,0.0,0,0,1
git_git-zlib.h,c,30,5,1,0.03333333333333333,34.36,63,0,0,12,1,0,0,0,0,0,0,9.0,9,0,1
git_gpg-interface.h,c,123,19,55,0.44715447154471544,30.0,101,1,1,16,2,0,0,0,0,0,0,10.5,21,0,1
git_graph.h,c,265,19,229,0.8641509433962264,36.142276422764226,85,0,1,37,3,1,2,0,1,0,0,16.0,16,0,1
git_grep.h,c,266,28,147,0.5526315789473685,28.403361344537814,127,2,2,13,23,3,0,0,0,0,0,15.818181818181818,59,1,1
git_hash-lookup.h,c,32,3,19,0.59375,44.51724137931034,80,0,1,1,0,0,0,0,0,0,0,0.0,0,0,1
git_hash.h,c,472,63,271,0.5741525423728814,36.69926650366748,115,2,2,68,5,4,1,0,0,0,3,6.565217391304348,33,0,1
git_hashmap.h,c,577,51,425,0.7365684575389948,37.152091254752854,82,0,3,96,16,9,5,0,0,1,0,9.9375,63,1,1
git_help.h,c,92,12,52,0.5652173913043478,42.2125,88,0,2,36,6,2,4,0,0,0,0,5.6,8,0,1
git_hex-ll.h,c,27,4,9,0.3333333333333333,30.608695652173914,70,0,0,5,0,0,0,0,0,0,1,3.5,4,0,1
git_hex.h,c,70,10,50,0.7142857142857143,48.36666666666667,110,1,0,14,0,0,0,0,0,0,0,0.0,0,0,1
git_hook.h,c,239,29,159,0.6652719665271967,33.28095238095238,80,0,2,23,13,0,0,0,1,0,0,33.0,83,1,1
git_http.h,c,266,43,153,0.575187969924812,34.57847533632287,95,0,2,34,36,1,0,0,0,0,2,11.333333333333334,30,0,1
git_ident.h,c,69,11,18,0.2608695652173913,33.189655172413794,88,0,2,12,2,0,0,0,0,0,0,7.5,10,0,1
git_iterator.h,c,81,20,68,0.8395061728395061,34.91803278688525,74,0,0,0,0,0,0,0,0,0,0,36.0,36,0,1
git_json-writer.h,c,281,35,201,0.7153024911032029,38.58130081300813,81,0,2,28,3,0,0,0,0,0,0,42.75,168,1,1
git_khash.h,c,338,38,197,0.5828402366863905,43.35333333333333,116,7,1,100,0,32,8,0,0,0,6,11.714285714285714,56,1,1
git_kwset.h,c,67,15,49,0.7313432835820896,50.01923076923077,76,0,0,9,2,0,0,0,0,0,5,5.0,5,0,1
git_levenshtein.h,c,8,2,0,0.0,33.5,58,0,0,0,0,0,0,0,0,0,0,0.0,0,0,1
git_line-log.h,c,63,11,25,0.3968253968253968,34.94230769230769,88,0,2,9,15,0,0,0,0,0,0,4.5,7,0,1
git_line-range.h,c,41,7,24,0.5853658536585366,40.94117647058823,73,0,1,2,1,0,0,0,0,0,0,0.0,0,0,1
git_linear-assignment.h,c,22,3,16,0.7272727272727273,38.578947368421055,79,0,0,4,0,0,0,0,0,0,0,0.0,0,0,1
git_list-objects-filter-options.h,c,171,26,85,0.49707602339181284,36.06896551724138,83,0,1,12,15,0,0,0,1,0,0,14.0,40,0,1
git_list-objects-filter.h,c,97,8,58,0.5979381443298969,37.08988764044944,76,0,0,4,11,0,0,0,0,0,0,6.5,7,0,1
git_list-objects.h,c,36,7,1,0.027777777777777776,29.413793103448278,71,0,2,3,8,0,0,0,0,0,0,4.0,4,0,1
git_list.h,c,207,30,144,0.6956521739130435,32.11864406779661,81,0,2,40,6,1,4,0,0,0,0,4.157894736842105,9,0,1
git_lockfile.h,c,344,30,243,0.7063953488372093,38.52866242038217,81,0,3,50,8,0,0,0,0,0,1,3.0,4,0,1
git_log-tree.h,c,44,8,0,0.0,37.44444444444444,92,0,2,9,8,0,0,0,0,0,0,5.0,7,0,1
git_loose.h,c,26,5,0,0.0,34.666666666666664,60,0,2,4,4,0,0,0,0,0,0,4.0,4,0,1
git_ls-refs.h,c,9,2,1,0.1111111111111111,33.285714285714285,67,0,0,2,2,0,0,0,0,0,0,0.0,0,0,1
git_mailinfo.h,c,58,10,33,0.5689655172413793,27.729166666666668,73,0,0,4,11,0,0,0,0,0,0,19.0,32,0,1
git_mailmap.h,c,21,6,15,0.7142857142857143,38.2,79,0,2,3,2,0,0,0,0,0,0,0.0,0,0,1
git_match-trees.h,c,10,3,1,0.1,50.0,127,2,0,0,2,0,0,0,0,0,0,0.0,0,0,1
git_mem-pool.h,c,69,13,41,0.5942028985507246,31.517857142857142,79,0,0,9,4,0,0,0,0,0,0,8.0,10,0,1
git_merge-blobs.h,c,11,3,1,0.09090909090909091,28.625,54,0,1,0,4,0,0,0,0,0,0,0.0,0,0,1
git_merge-ll.h,c,114,17,82,0.7192982456140351,34.34020618556701,77,0,1,7,3,0,0,0,1,0,0,13.0,32,0,1
git_merge-ort-wrappers.h,c,37,5,13,0.35135135135135137,34.09375,78,0,2,3,7,0,0,0,0,0,0,0.0,0,0,1
git_merge-ort.h,c,181,26,136,0.7513812154696132,36.14193548387097,98,0,2,9,28,0,0,0,0,0,0,19.0,38,0,1
git_merge.h,c,17,3,1,0.058823529411764705,31.642857142857142,54,0,1,0,3,0,0,0,0,0,0,0.0,0,0,1
git_mergesort.h,c,105,6,41,0.3904761904761905,29.97979797979798,73,0,2,22,0,7,4,0,0,0,0,15.0,30,0,1
git_midx.h,c,138,20,111,0.8043478260869565,42.08474576271186,100,0,2,24,17,0,0,0,0,0,0,32.0,32,0,1
git_name-hash.h,c,21,7,1,0.047619047619047616,52.785714285714285,111,1,1,7,4,0,0,0,0,0,0,0.0,0,0,1
git_notes-cache.h,c,22,6,1,0.045454545454545456,33.4375,75,0,2,1,3,0,0,0,0,0,0,4.0,4,0,1
git_notes-merge.h,c,87,10,45,0.5172413793103449,38.94805194805195,80,0,2,9,12,0,0,0,0,0,0,6.5,9,0,1
git_notes-utils.h,c,55,8,11,0.2,33.234042553191486,80,0,1,4,10,0,0,0,0,0,0,8.0,9,0,1
git_notes.h,c,347,32,257,0.7406340057636888,41.32380952380952,83,0,2,45,10,0,0,0,0,0,0,11.0,13,0,1
git_object-file-convert.h,c,25,4,5,0.2,31.142857142857142,76,0,2,0,5,0,0,0,0,0,0,0.0,0,0,1
git_object-file.h,c,215,32,108,0.5023255813953489,40.224043715846996,147,2,2,15,22,0,0,0,1,0,1,6.25,16,0,1
git_object-name.h,c,139,16,72,0.5179856115107914,43.59349593495935,102,1,2,23,10,0,0,0,1,0,0,7.75,15,0,1
git_object.h,c,361,56,193,0.5346260387811634,36.44918032786885,158,2,2,46,35,8,1,0,0,0,0,10.0,20,0,1
git_odb.h,c,508,66,298,0.5866141732283464,37.38461538461539,93,0,2,47,43,0,0,0,0,0,0,14.181818181818182,54,1,1
git_oid-array.h,c,137,13,91,0.6642335766423357,34.96774193548387,80,0,2,14,2,1,4,0,1,0,0,54.0,104,1,1
git_oidmap.h,c,113,18,74,0.6548672566371682,30.88421052631579,82,0,2,16,8,0,0,0,0,0,0,3.375,5,0,1
git_oidset.h,c,129,20,61,0.4728682170542636,32.62385321100918,81,0,2,19,4,1,1,0,1,0,0,3.7142857142857144,7,0,1
git_oidtree.h,c,22,5,1,0.045454545454545456,34.05882352941177,76,0,0,5,3,0,0,0,0,0,0,4.0,4,0,1
git_pack-bitmap.h,c,199,33,88,0.44221105527638194,39.30120481927711,89,0,2,27,43,0,0,0,0,0,0,7.0,18,0,1
git_pack-mtimes.h,c,24,5,16,0.6666666666666666,32.78947368421053,72,0,0,3,1,0,0,0,0,0,0,0.0,0,0,1
git_pack-objects.h,c,350,42,162,0.46285714285714286,32.19805194805195,79,0,2,34,20,14,2,0,1,0,2,10.5,43,0,1
git_pack-refs.h,c,23,4,9,0.391304347826087,30.31578947368421,84,0,1,0,2,0,0,0,0,0,0,0.0,0,0,1
git_pack-revindex.h,c,149,17,120,0.8053691275167785,38.765151515151516,81,0,1,14,3,0,0,0,1,0,0,0.0,0,0,1
git_pack.h,c,152,22,94,0.618421052631579,34.823076923076925,113,2,2,10,19,0,0,0,0,0,0,8.25,19,0,1
C-Plus-Plus_scripts_file_linter.py,python,49,3,0,0.0,37.32608695652174,85,3,3,0,0,5,0,0,0,0,1,0.0,0,0,0
C-Plus-Plus_backtracking_generate_parentheses.cpp,cpp,113,18,41,0.36283185840707965,30.957894736842107,137,1,13,23,1,3,0,0,1,1,0,23.0,47,0,0
C-Plus-Plus_backtracking_graph_coloring.cpp,cpp,129,11,69,0.5348837209302325,35.59322033898305,81,0,4,11,0,3,3,0,1,3,0,44.5,73,1,0
C-Plus-Plus_backtracking_knight_tour.cpp,cpp,116,11,49,0.4224137931034483,31.00952380952381,79,0,4,10,0,4,5,0,1,3,0,40.0,55,1,0
C-Plus-Plus_backtracking_magic_sequence.cpp,cpp,136,10,63,0.4632352941176471,33.63492063492063,80,0,15,21,0,4,5,0,1,3,1,23.25,64,1,0
C-Plus-Plus_backtracking_minimax.cpp,cpp,63,5,35,0.5555555555555556,38.758620689655174,81,0,3,10,0,1,0,0,1,0,7,14.0,21,0,0
C-Plus-Plus_backtracking_nqueen_print_all_solutions.cpp,cpp,106,5,46,0.4339622641509434,27.514851485148515,78,0,3,10,0,5,6,0,1,7,0,41.0,77,1,0
C-Plus-Plus_backtracking_n_queens.cpp,cpp,128,10,59,0.4609375,29.694915254237287,81,0,3,11,0,5,6,0,1,5,0,45.5,83,1,0
C-Plus-Plus_backtracking_n_queens_all_solution_optimised.cpp,cpp,131,6,44,0.33587786259541985,27.928,80,0,4,11,0,9,10,0,1,11,0,53.5,85,1,0
C-Plus-Plus_backtracking_rat_maze.cpp,cpp,115,11,50,0.43478260869565216,35.81730769230769,81,0,12,7,0,3,4,0,1,4,0,24.0,51,1,0
C-Plus-Plus_backtracking_subarray_sum.cpp,cpp,118,10,49,0.4152542372881356,37.879629629629626,81,0,4,16,0,2,1,0,1,0,0,25.666666666666668,38,0,0
C-Plus-Plus_backtracking_subset_sum.cpp,cpp,107,9,43,0.40186915887850466,34.6530612244898,81,0,4,14,0,2,2,0,1,0,0,24.0,37,0,0
C-Plus-Plus_backtracking_sudoku_solver.cpp,cpp,173,10,73,0.42196531791907516,34.355828220858896,80,0,6,15,0,10,6,0,1,5,2,68.0,118,1,0
C-Plus-Plus_backtracking_wildcard_matching.cpp,cpp,156,15,53,0.33974358974358976,36.49645390070922,81,0,15,13,0,9,1,0,1,0,2,37.666666666666664,67,1,0
C-Plus-Plus_bit_manipulation_check_even_odd.cpp,cpp,93,9,55,0.5913978494623656,30.452380952380953,103,1,3,27,0,0,0,0,1,0,4,12.0,16,0,0
C-Plus-Plus_bit_manipulation_count_bits_flip.cpp,cpp,89,2,54,0.6067415730337079,32.32183908045977,89,0,5,14,0,0,1,0,1,0,11,17.0,30,0,0
C-Plus-Plus_bit_manipulation_count_of_set_bits.cpp,cpp,91,3,57,0.6263736263736264,40.07954545454545,128,3,7,17,0,0,1,0,1,0,5,20.0,37,0,0
C-Plus-Plus_bit_manipulation_count_of_trailing_ciphers_in_factorial_n.cpp,cpp,99,11,49,0.494949494949495,36.21590909090909,126,2,3,14,0,0,1,0,1,0,8,18.666666666666668,27,0,0
C-Plus-Plus_bit_manipulation_find_non_repeating_number.cpp,cpp,88,10,46,0.5227272727272727,32.93589743589744,75,0,3,12,0,0,1,0,1,0,9,16.0,28,0,0
C-Plus-Plus_bit_manipulation_gray_code.cpp,cpp,113,16,36,0.3185840707964602,41.54639175257732,92,0,2,29,0,1,1,0,1,1,100,23.333333333333332,39,0,0
C-Plus-Plus_bit_manipulation_hamming_distance.cpp,cpp,108,9,47,0.4351851851851852,37.15151515151515,80,0,16,16,0,1,2,0,1,0,11,23.666666666666668,46,0,0
C-Plus-Plus_bit_manipulation_next_higher_number_with_same_number_of_set_bits.cpp,cpp,101,16,50,0.49504950495049505,33.98823529411764,84,0,2,17,0,1,0,0,1,0,12,18.0,31,0,0
C-Plus-Plus_bit_manipulation_power_of_2.cpp,cpp,75,5,47,0.6266666666666667,34.34285714285714,89,0,9,16,0,0,0,0,1,0,6,13.0,19,0,0
C-Plus-Plus_bit_manipulation_set_kth_bit.cpp,cpp,80,7,50,0.625,34.10958904109589,81,0,11,10,0,0,0,0,1,0,8,13.333333333333334,25,0,0
C-Plus-Plus_bit_manipulation_travelling_salesman_using_bit_manipulation.cpp,cpp,142,6,64,0.4507042253521127,39.919117647058826,81,0,10,18,0,3,1,0,1,0,38,24.25,60,1,0
C-Plus-Plus_ciphers_a1z26_cipher.cpp,cpp,162,20,44,0.2716049382716049,35.605633802816904,81,0,11,23,0,2,5,0,1,0,51,37.333333333333336,79,1,0
C-Plus-Plus_ciphers_atbash_cipher.cpp,cpp,84,6,35,0.4166666666666667,36.61538461538461,81,0,2,11,0,0,1,0,1,0,0,16.333333333333332,31,0,0
C-Plus-Plus_ciphers_base64_encoding.cpp,cpp,200,8,85,0.425,44.036458333333336,81,0,11,34,0,9,2,0,1,0,4,54.666666666666664,126,1,0
C-Plus-Plus_ciphers_caesar_cipher.cpp,cpp,124,3,67,0.5403225806451613,45.33057851239669,117,3,5,21,0,0,2,0,1,0,13,17.8,64,1,0
C-Plus-Plus_ciphers_elliptic_curve_key_exchange.cpp,cpp,325,21,133,0.40923076923076923,37.76315789473684,110,1,13,94,0,9,2,0,1,0,59,51.0,152,1,0
C-Plus-Plus_ciphers_hill_cipher.cpp,cpp,543,69,213,0.39226519337016574,39.70042194092827,81,0,15,88,1,9,25,0,1,3,4,81.8,345,1,0
C-Plus-Plus_ciphers_morse_code.cpp,cpp,272,5,61,0.22426470588235295,27.591760299625467,79,0,3,22,0,36,3,0,1,0,1,79.66666666666667,216,1,0
C-Plus-Plus_ciphers_vigenere_cipher.cpp,cpp,135,3,79,0.5851851851851851,46.878787878787875,112,10,4,30,0,0,0,0,1,0,5,10.666666666666666,67,1,0
C-Plus-Plus_ciphers_xor_cipher.cpp,cpp,99,3,57,0.5757575757575758,40.604166666666664,98,0,4,21,0,0,2,0,1,0,6,8.857142857142858,35,0,0
C-Plus-Plus_cpu_scheduling_algorithms_fcfs_scheduling.cpp,cpp,291,25,117,0.4020618556701031,37.78947368421053,81,0,8,56,2,7,6,0,1,0,16,31.0,101,1,0
C-Plus-Plus_cpu_scheduling_algorithms_non_preemptive_sjf_scheduling.cpp,cpp,316,38,133,0.4208860759493671,39.26258992805755,82,0,8,50,2,6,6,0,1,0,14,33.333333333333336,103,1,0
C-Plus-Plus_data_structures_avltree.cpp,cpp,198,13,61,0.30808080808080807,26.08108108108108,80,0,3,39,2,15,2,0,1,2,0,10.416666666666666,23,0,0
C-Plus-Plus_data_structures_binaryheap.cpp,cpp,142,22,74,0.5211267605633803,30.016666666666666,80,0,2,38,1,6,2,0,1,3,3,14.285714285714286,32,0,0
C-Plus-Plus_data_structures_binary_search_tree.cpp,cpp,174,15,8,0.04597701149425287,24.08805031446541,75,0,4,31,2,15,2,0,1,1,1,12.416666666666666,48,0,0
C-Plus-Plus_data_structures_binary_search_tree2.cpp,cpp,565,70,184,0.3256637168141593,30.46868686868687,157,2,7,149,2,26,0,0,1,0,1,43.8,302,1,0
C-Plus-Plus_data_structures_bloom_filter.cpp,cpp,291,21,126,0.4329896907216495,30.377777777777776,122,2,7,59,2,3,11,0,1,0,22,44.0,172,1,0
C-Plus-Plus_data_structures_circular_queue_using_linked_list.cpp,cpp,82,5,0,0.0,20.948051948051948,51,0,3,21,3,4,2,0,0,0,7,25.333333333333332,58,1,0
C-Plus-Plus_data_structures_cll_cll.cpp,cpp,110,9,79,0.7181818181818181,25.84158415841584,62,0,4,9,0,7,5,0,0,1,0,9.555555555555555,19,0,0
C-Plus-Plus_data_structures_cll_main_cll.cpp,cpp,43,2,39,0.9069767441860465,31.365853658536587,65,0,2,14,0,4,0,0,0,0,10,39.0,39,0,0
C-Plus-Plus_data_structures_disjoint_set.cpp,cpp,114,8,73,0.6403508771929824,24.462264150943398,79,0,3,15,0,7,2,0,1,4,2,9.8,22,0,0
C-Plus-Plus_data_structures_doubly_linked_list.cpp,cpp,136,8,0,0.0,22.7890625,66,0,3,17,2,7,7,0,0,0,0,15.625,37,0,0
C-Plus-Plus_data_structures_dsu_path_compression.cpp,cpp,214,11,100,0.4672897196261682,34.206896551724135,81,0,3,46,1,5,5,0,1,0,3,40.25,127,1,0
C-Plus-Plus_data_structures_dsu_union_rank.cpp,cpp,188,7,97,0.5159574468085106,32.232044198895025,81,0,3,46,1,4,5,0,1,0,7,34.5,93,1,0
C-Plus-Plus_data_structures_linkedlist_implentation_usingarray.cpp,cpp,114,11,57,0.5,29.728155339805824,80,0,4,14,1,0,4,0,1,1,3,9.875,35,0,0
C-Plus-Plus_data_structures_linked_list.cpp,cpp,281,18,86,0.30604982206405695,29.06083650190114,81,0,6,44,2,14,5,0,1,1,0,117.0,175,2,0
C-Plus-Plus_data_structures_list_array.cpp,cpp,263,16,105,0.39923954372623577,35.1578947368421,81,0,6,37,1,13,7,0,1,0,17,72.0,180,1,0
C-Plus-Plus_data_structures_morrisinorder.cpp,cpp,101,7,19,0.18811881188118812,30.27659574468085,77,0,4,14,3,9,4,0,1,0,0,17.6,35,0,0
C-Plus-Plus_data_structures_queue_using_array.cpp,cpp,140,12,51,0.36428571428571427,30.9609375,80,0,3,19,1,10,2,0,1,0,1,31.666666666666668,67,1,0
C-Plus-Plus_data_structures_queue_using_array2.cpp,cpp,56,7,0,0.0,21.836734693877553,59,0,3,7,0,6,3,0,0,2,2,11.25,20,0,0
C-Plus-Plus_data_structures_queue_using_linkedlist.cpp,cpp,86,6,3,0.03488372093023256,23.4,57,0,3,16,2,12,2,0,0,0,0,12.666666666666666,25,0,0
C-Plus-Plus_data_structures_queue_using_linked_list.cpp,cpp,70,8,0,0.0,19.951612903225808,46,0,3,7,1,7,2,0,0,0,0,11.8,20,0,0
C-Plus-Plus_data_structures_queue_using_two_stacks.cpp,cpp,144,16,45,0.3125,20.9921875,56,0,2,47,1,1,2,0,1,0,9,37.666666666666664,76,1,0
C-Plus-Plus_data_structures_rb_tree.cpp,cpp,505,10,4,0.007920792079207921,16.75151515151515,56,0,1,42,2,102,8,0,0,0,0,36.92307692307692,85,3,0
C-Plus-Plus_data_structures_reverse_a_linked_list.cpp,cpp,306,31,92,0.3006535947712418,29.112727272727273,94,0,4,92,2,6,5,1,1,0,42,47.6,174,1,0
C-Plus-Plus_data_structures_segment_tree.cpp,cpp,133,5,69,0.518796992481203,32.3203125,151,3,3,32,1,2,0,0,1,2,0,33.0,83,1,0
C-Plus-Plus_data_structures_skip_list.cpp,cpp,225,31,71,0.31555555555555553,33.865979381443296,81,0,5,23,2,5,15,0,1,10,0,83.0,156,1,0
C-Plus-Plus_data_structures_sparse_table.cpp,cpp,163,21,80,0.49079754601226994,41.7112676056338,81,0,11,36,1,0,3,0,1,0,4,34.333333333333336,78,1,0
C-Plus-Plus_data_structures_stack_using_array.cpp,cpp,179,23,62,0.3463687150837989,27.371794871794872,77,0,3,47,1,4,1,4,1,1,15,46.666666666666664,87,1,0
C-Plus-Plus_data_structures_stack_using_linked_list.cpp,cpp,66,7,0,0.0,21.796610169491526,51,0,4,7,1,1,2,0,0,0,0,11.4,30,0,0
C-Plus-Plus_data_structures_stack_using_queue.cpp,cpp,119,14,53,0.44537815126050423,33.68571428571428,82,0,9,29,1,1,1,0,1,0,0,25.0,54,1,0
C-Plus-Plus_data_structures_test_queue.cpp,cpp,93,16,0,0.0,28.727272727272727,71,0,2,48,0,0,0,2,1,0,24,9.125,12,0,0
C-Plus-Plus_data_structures_test_stack.cpp,cpp,203,34,0,0.0,31.142011834319526,76,0,2,116,0,0,0,2,1,0,70,11.642857142857142,22,0,0
C-Plus-Plus_data_structures_test_stack_students.cpp,cpp,53,5,10,0.18867924528301888,28.416666666666668,64,0,3,9,0,2,2,0,0,0,0,31.0,31,0,0
C-Plus-Plus_data_structures_treap.cpp,cpp,258,5,106,0.4108527131782946,31.110671936758894,81,0,5,61,1,15,2,0,1,5,3,73.0,195,1,0
C-Plus-Plus_data_structures_tree.cpp,cpp,119,11,0,0.0,23.564814814814813,59,0,4,25,1,12,2,0,0,0,0,15.0,45,0,0
C-Plus-Plus_data_structures_tree_234.cpp,cpp,1306,196,567,0.4341500765696784,36.17567567567568,95,0,7,222,3,53,19,0,1,1,7,267.75,1045,1,0
C-Plus-Plus_data_structures_trie_modern.cpp,cpp,168,19,70,0.4166666666666667,37.87248322147651,81,0,11,14,2,8,3,0,1,0,1,66.0,124,1,0
C-Plus-Plus_data_structures_trie_tree.cpp,cpp,209,18,78,0.37320574162679426,31.832460732984295,79,0,6,33,1,18,3,0,1,6,1,55.0,144,1,0
C-Plus-Plus_data_structures_trie_using_hashmap.cpp,cpp,345,46,86,0.2492753623188406,35.438127090301,81,0,10,80,2,13,12,0,1,0,0,89.66666666666667,171,2,0
C-Plus-Plus_divide_and_conquer_karatsuba_algorithm_for_fast_multiplication.cpp,cpp,183,22,57,0.3114754098360656,37.78260869565217,125,5,4,42,0,8,3,0,1,0,11,44.333333333333336,106,1,0
C-Plus-Plus_divide_and_conquer_strassen_matrix_multiplication.cpp,cpp,471,39,152,0.3227176220806794,40.86805555555556,81,0,9,87,1,3,31,0,1,0,1,134.33333333333334,370,1,0
C-Plus-Plus_dynamic_programming_0_1_knapsack.cpp,cpp,130,9,66,0.5076923076923077,42.16528925619835,92,0,11,12,0,2,2,0,1,0,17,27.333333333333332,53,1,0
C-Plus-Plus_dynamic_programming_abbreviation.cpp,cpp,195,11,87,0.4461538461538462,42.52717391304348,81,0,11,27,0,9,4,0,1,0,2,47.666666666666664,112,1,0
C-Plus-Plus_dynamic_programming_armstrong_number_templated.cpp,cpp,93,9,43,0.46236559139784944,32.416666666666664,81,0,2,18,0,1,2,0,1,0,11,16.333333333333332,32,0,0
C-Plus-Plus_dynamic_programming_bellman_ford.cpp,cpp,118,16,14,0.11864406779661017,29.970588235294116,77,0,5,11,2,5,6,0,0,12,0,18.2,34,0,0
C-Plus-Plus_dynamic_programming_catalan_numbers.cpp,cpp,82,8,19,0.23170731707317074,33.391891891891895,81,0,9,33,1,0,1,0,1,0,12,13.75,25,0,0
C-Plus-Plus_dynamic_programming_coin_change.cpp,cpp,49,11,10,0.20408163265306123,33.0,78,0,4,6,0,2,2,0,0,3,1,16.5,23,0,0
C-Plus-Plus_dynamic_programming_coin_change_topdown.cpp,cpp,94,5,47,0.5,31.382022471910112,81,0,8,12,0,3,1,0,1,1,2,13.75,38,0,0
C-Plus-Plus_dynamic_programming_cut_rod.cpp,cpp,115,7,50,0.43478260869565216,35.666666666666664,81,0,3,13,0,0,2,0,1,1,35,24.0,35,0,0
C-Plus-Plus_dynamic_programming_edit_distance.cpp,cpp,86,14,30,0.3488372093023256,31.88888888888889,74,0,8,14,0,7,2,0,0,2,0,12.0,24,0,0
C-Plus-Plus_dynamic_programming_egg_dropping_puzzle.cpp,cpp,48,9,6,0.125,31.82051282051282,81,0,5,5,0,1,5,0,0,5,0,16.0,25,0,0
C-Plus-Plus_dynamic_programming_fibonacci_bottom_up.cpp,cpp,21,0,0,0.0,18.80952380952381,36,0,2,3,0,0,1,0,0,1,0,9.5,11,0,0
C-Plus-Plus_dynamic_programming_floyd_warshall.cpp,cpp,110,16,15,0.13636363636363635,32.0531914893617,80,0,5,12,1,3,13,0,0,13,0,20.5,25,0,0
C-Plus-Plus_dynamic_programming_house_robber.cpp,cpp,114,7,47,0.41228070175438597,34.19626168224299,86,0,6,14,0,3,1,0,1,0,2,26.666666666666668,39,0,0
C-Plus-Plus_dynamic_programming_kadane.cpp,cpp,74,2,40,0.5405405405405406,34.5,81,0,7,7,0,0,2,0,1,1,0,21.0,28,0,0
C-Plus-Plus_dynamic_programming_longest_common_string.cpp,cpp,159,14,57,0.3584905660377358,37.00689655172414,81,0,12,38,1,1,5,0,1,0,5,8.555555555555555,18,0,0
C-Plus-Plus_dynamic_programming_longest_common_subsequence.cpp,cpp,66,6,3,0.045454545454545456,30.616666666666667,78,0,8,10,0,7,4,0,0,5,4,18.666666666666668,37,0,0
C-Plus-Plus_dynamic_programming_longest_increasing_subsequence.cpp,cpp,97,11,39,0.4020618556701031,33.54651162790697,81,0,4,14,0,1,5,0,1,5,2,16.333333333333332,27,0,0
C-Plus-Plus_dynamic_programming_longest_increasing_subsequence_nlogn.cpp,cpp,43,2,7,0.16279069767441862,32.5609756097561,81,0,7,10,0,3,2,0,0,2,0,17.0,22,0,0
C-Plus-Plus_dynamic_programming_longest_palindromic_subsequence.cpp,cpp,100,8,43,0.43,32.79347826086956,98,0,11,16,0,4,3,0,1,0,0,21.333333333333332,54,1,0
C-Plus-Plus_dynamic_programming_matrix_chain_multiplication.cpp,cpp,61,15,18,0.29508196721311475,37.76086956521739,80,0,4,6,0,3,1,0,0,2,3,18.5,26,0,0
C-Plus-Plus_dynamic_programming_maximum_circular_subarray.cpp,cpp,87,15,37,0.42528735632183906,37.40277777777778,148,5,2,11,0,2,2,0,1,2,9,16.333333333333332,34,0,0
C-Plus-Plus_dynamic_programming_minimum_edit_distance.cpp,cpp,174,15,90,0.5172413793103449,38.42138364779874,81,0,8,14,0,6,2,0,1,0,0,36.0,81,1,0
C-Plus-Plus_dynamic_programming_palindrome_partitioning.cpp,cpp,131,18,50,0.3816793893129771,36.86725663716814,81,0,12,15,0,2,6,0,1,4,0,26.333333333333332,55,1,0
C-Plus-Plus_dynamic_programming_partition_problem.cpp,cpp,106,7,57,0.5377358490566038,43.36363636363637,82,0,8,13,0,2,3,0,1,0,0,17.666666666666668,40,0,0
C-Plus-Plus_dynamic_programming_searching_of_element_in_dynamic_array.cpp,cpp,80,1,48,0.6,37.063291139240505,81,0,3,3,0,0,3,0,0,0,0,15.0,43,0,0
C-Plus-Plus_dynamic_programming_shortest_common_supersequence.cpp,cpp,179,23,71,0.39664804469273746,33.94871794871795,138,3,6,23,0,5,0,0,1,6,0,42.0,80,1,0
C-Plus-Plus_dynamic_programming_subset_sum_dynamic.cpp,cpp,123,15,52,0.42276422764227645,36.22222222222222,78,0,6,20,0,3,2,0,1,2,4,25.666666666666668,46,0,0
C-Plus-Plus_dynamic_programming_trapped_rainwater.cpp,cpp,104,19,29,0.27884615384615385,40.31764705882353,79,0,16,19,0,1,3,0,1,0,1,19.666666666666668,30,0,0
C-Plus-Plus_dynamic_programming_trapped_rainwater2.cpp,cpp,111,17,32,0.2882882882882883,41.56382978723404,80,0,16,17,0,6,1,0,1,0,1,21.666666666666668,36,0,0
C-Plus-Plus_dynamic_programming_tree_height.cpp,cpp,70,7,30,0.42857142857142855,28.428571428571427,79,0,3,9,0,1,2,0,0,1,0,18.0,23,0,0
C-Plus-Plus_dynamic_programming_unbounded_0_1_knapsack.cpp,cpp,173,14,71,0.41040462427745666,44.144654088050316,81,0,10,9,0,5,0,0,1,0,12,39.333333333333336,64,1,0
C-Plus-Plus_dynamic_programming_word_break.cpp,cpp,186,17,111,0.5967741935483871,37.94082840236686,81,0,3,17,0,3,2,0,1,1,0,40.666666666666664,99,1,0
C-Plus-Plus_games_memory_game.cpp,cpp,414,55,125,0.30193236714975846,36.58495821727019,81,0,9,69,0,21,10,0,1,8,7,80.0,270,1,0
C-Plus-Plus_geometry_graham_scan_algorithm.cpp,cpp,76,5,48,0.631578947368421,48.88732394366197,82,0,2,14,0,0,1,0,1,1,0,9.5,15,0,0
C-Plus-Plus_geometry_jarvis_algorithm.cpp,cpp,179,17,93,0.5195530726256983,38.68518518518518,105,2,14,20,2,3,4,1,1,4,0,31.25,97,1,0
C-Plus-Plus_geometry_line_segment_intersection.cpp,cpp,104,14,30,0.28846153846153844,39.266666666666666,77,0,8,11,2,8,0,0,1,0,0,23.666666666666668,56,1,0
C-Plus-Plus_graphics_spirograph.cpp,cpp,284,27,117,0.4119718309859155,35.22568093385214,83,0,5,51,0,12,4,0,1,2,14,109.5,204,1,0
C-Plus-Plus_graph_bidirectional_dijkstra.cpp,cpp,294,32,97,0.3299319727891156,42.545801526717554,94,0,13,53,0,9,5,0,1,0,0,75.66666666666667,145,1,0
C-Plus-Plus_graph_breadth_first_search.cpp,cpp,203,17,156,0.7684729064039408,35.666666666666664,81,0,5,34,1,2,5,0,1,1,0,42.0,72,1,0
C-Plus-Plus_graph_bridge_finding_with_tarjan_algorithm.cpp,cpp,83,3,22,0.26506024096385544,29.2625,74,0,5,20,1,3,3,0,1,0,0,34.0,39,0,0
C-Plus-Plus_graph_connected_components.cpp,cpp,148,15,110,0.7432432432432432,30.661654135338345,79,0,3,42,0,2,3,0,1,3,3,32.333333333333336,50,0,0
C-Plus-Plus_graph_connected_components_with_dsu.cpp,cpp,120,4,56,0.4666666666666667,29.870689655172413,81,0,3,19,0,2,4,0,1,0,0,27.0,62,1,0
C-Plus-Plus_graph_cycle_check_directed_graph.cpp,cpp,314,31,143,0.4554140127388535,38.48056537102474,81,0,8,52,3,12,8,0,1,0,0,60.0,129,2,0
C-Plus-Plus_graph_depth_first_search.cpp,cpp,133,10,102,0.7669172932330827,27.67479674796748,75,0,6,17,0,1,2,0,1,0,0,40.0,59,1,0
C-Plus-Plus_graph_depth_first_search_with_stack.cpp,cpp,207,28,86,0.41545893719806765,35.93296089385475,105,4,5,40,0,2,4,0,1,0,0,42.666666666666664,65,1,0
C-Plus-Plus_graph_dijkstra.cpp,cpp,180,22,129,0.7166666666666667,36.58227848101266,81,0,6,41,0,3,3,0,1,4,0,39.666666666666664,61,1,0
C-Plus-Plus_graph_hamiltons_cycle.cpp,cpp,145,14,52,0.3586206896551724,30.870229007633586,81,0,6,33,0,4,6,0,1,0,0,13.5,41,0,0
C-Plus-Plus_graph_hopcroft_karp.cpp,cpp,325,60,109,0.3353846153846154,37.652830188679246,152,15,5,49,1,8,7,0,1,7,0,66.33333333333333,152,1,0
C-Plus-Plus_graph_is_graph_bipartite.cpp,cpp,171,12,82,0.47953216374269003,30.037735849056602,81,0,6,27,1,4,3,0,1,0,0,37.333333333333336,82,1,0
C-Plus-Plus_graph_is_graph_bipartite2.cpp,cpp,126,6,59,0.46825396825396826,40.35,81,0,9,15,0,4,3,0,1,0,0,27.666666666666668,67,1,0
C-Plus-Plus_graph_kosaraju.cpp,cpp,129,6,45,0.3488372093023256,33.16260162601626,80,0,9,26,0,6,11,0,1,9,0,16.4,32,0,0
C-Plus-Plus_graph_kruskal.cpp,cpp,64,5,2,0.03125,26.76271186440678,75,0,3,13,0,2,5,0,0,3,0,9.6,19,0,0
C-Plus-Plus_graph_lowest_common_ancestor.cpp,cpp,258,18,145,0.562015503875969,33.99583333333333,81,0,5,42,3,5,8,0,1,2,0,63.333333333333336,167,1,0
C-Plus-Plus_graph_max_flow_with_ford_fulkerson_and_edmond_karp_algo.cpp,cpp,117,1,16,0.13675213675213677,33.560344827586206,81,0,6,19,1,3,9,0,0,3,3,49.5,83,1,0
C-Plus-Plus_graph_number_of_paths.cpp,cpp,151,18,50,0.33112582781456956,41.721804511278194,114,5,7,19,0,3,1,0,1,0,0,35.0,51,1,0
C-Plus-Plus_graph_prim.cpp,cpp,57,7,6,0.10526315789473684,31.46,70,0,4,11,0,3,3,0,0,3,0,22.5,26,0,0
C-Plus-Plus_graph_topological_sort.cpp,cpp,189,16,66,0.3492063492063492,30.179190751445088,80,0,3,45,1,3,5,1,1,2,0,47.333333333333336,85,2,0
C-Plus-Plus_graph_topological_sort_by_kahns_algo.cpp,cpp,68,6,5,0.07352941176470588,25.5,81,0,7,12,0,4,7,0,0,5,0,27.5,33,0,0
C-Plus-Plus_graph_travelling_salesman_problem.cpp,cpp,112,11,44,0.39285714285714285,36.21782178217822,81,0,7,17,0,1,3,0,1,1,48,21.666666666666668,37,0,0
C-Plus-Plus_greedy_algorithms_binary_addition.cpp,cpp,119,10,49,0.4117647058823529,42.81651376146789,83,0,9,31,1,2,1,0,1,1,33,25.666666666666668,50,0,0
C-Plus-Plus_greedy_algorithms_boruvkas_minimum_spanning_tree.cpp,cpp,227,26,84,0.3700440528634361,39.38805970149254,81,0,6,20,0,10,8,0,1,7,2,54.0,136,1,0
C-Plus-Plus_greedy_algorithms_digit_separation.cpp,cpp,142,14,52,0.36619718309859156,39.03125,87,0,4,22,1,1,1,0,1,0,5,23.75,45,0,0
C-Plus-Plus_greedy_algorithms_dijkstra_greedy.cpp,cpp,202,27,80,0.39603960396039606,30.725714285714286,118,2,4,33,1,4,8,0,1,8,0,48.0,115,1,0
C-Plus-Plus_greedy_algorithms_gale_shapley.cpp,cpp,155,15,56,0.36129032258064514,40.55714285714286,81,0,7,18,0,4,2,0,1,0,0,35.333333333333336,72,1,0
C-Plus-Plus_greedy_algorithms_huffman.cpp,cpp,108,23,25,0.23148148148148148,31.58823529411765,74,0,5,21,3,3,2,0,0,1,4,12.166666666666666,31,0,0
C-Plus-Plus_greedy_algorithms_jump_game.cpp,cpp,74,5,43,0.581081081081081,37.85507246376812,81,0,3,15,0,1,1,0,1,0,2,10.333333333333334,19,0,0
C-Plus-Plus_greedy_algorithms_knapsack.cpp,cpp,78,11,3,0.038461538461538464,30.62686567164179,76,0,4,12,1,3,3,0,0,5,0,13.0,35,0,0
C-Plus-Plus_greedy_algorithms_kruskals_minimum_spanning_tree.cpp,cpp,188,18,55,0.2925531914893617,46.73529411764706,111,2,5,20,0,2,2,0,1,2,6,45.0,102,1,0
C-Plus-Plus_greedy_algorithms_prims_minimum_spanning_tree.cpp,cpp,64,11,0,0.0,27.28301886792453,76,0,5,7,1,3,5,0,0,5,0,8.0,22,0,0
C-Plus-Plus_hashing_chaining.cpp,cpp,186,14,58,0.3118279569892473,30.982558139534884,80,0,6,25,1,5,6,0,1,2,0,77.5,103,2,0
C-Plus-Plus_hashing_double_hash_hash_table.cpp,cpp,303,17,87,0.2871287128712871,30.272727272727273,80,0,8,51,1,15,4,1,1,3,1,133.0,212,2,0
C-Plus-Plus_hashing_linear_probing_hash_table.cpp,cpp,277,15,73,0.26353790613718414,30.15267175572519,80,0,6,48,1,15,4,1,1,3,0,121.5,189,2,0
C-Plus-Plus_hashing_md5.cpp,cpp,384,29,153,0.3984375,39.72112676056338,81,0,7,79,0,9,10,0,1,0,143,72.75,220,1,0
C-Plus-Plus_hashing_quadratic_probing_hash_table.cpp,cpp,301,17,74,0.24584717607973422,31.003521126760564,80,0,10,51,1,16,4,1,1,3,1,132.0,208,2,0
C-Plus-Plus_hashing_sha1.cpp,cpp,307,28,111,0.36156351791530944,38.54480286738351,81,0,10,55,0,7,11,0,1,0,33,56.0,153,1,0
C-Plus-Plus_hashing_sha256.cpp,cpp,329,26,89,0.270516717325228,35.772277227722775,81,0,13,75,2,6,6,2,1,0,49,33.75,199,1,0
C-Plus-Plus_machine_learning_adaline_learning.cpp,cpp,378,61,153,0.40476190476190477,40.88328075709779,84,0,7,69,1,9,10,0,1,10,21,58.0,188,1,0
C-Plus-Plus_machine_learning_a_star_search.cpp,cpp,712,45,275,0.3862359550561798,39.685157421289354,81,0,9,146,3,22,28,0,1,0,15,208.0,468,2,0
C-Plus-Plus_machine_learning_kohonen_som_topology.cpp,cpp,613,59,235,0.3833605220228385,39.18231046931408,117,1,7,142,0,15,29,0,1,23,15,54.77777777777778,283,1,0
C-Plus-Plus_machine_learning_kohonen_som_trace.cpp,cpp,488,43,231,0.4733606557377049,36.7752808988764,119,3,6,106,0,10,16,0,1,14,13,18.894736842105264,160,1,0
C-Plus-Plus_machine_learning_k_nearest_neighbors.cpp,cpp,194,14,69,0.3556701030927835,37.272222222222226,81,0,10,41,1,1,4,0,1,1,6,50.333333333333336,101,1,0
C-Plus-Plus_machine_learning_neural_network.cpp,cpp,837,35,342,0.40860215053763443,41.78304239401496,81,0,17,142,2,27,21,0,1,1,49,250.66666666666666,724,1,0
C-Plus-Plus_machine_learning_ordinary_least_squares_regressor.cpp,cpp,473,66,176,0.37209302325581395,34.93366093366093,81,0,10,73,0,8,34,0,1,0,38,17.647058823529413,59,1,0
C-Plus-Plus_math_aliquot_sum.cpp,cpp,77,9,40,0.5194805194805194,24.558823529411764,76,0,3,13,0,2,1,0,1,0,3,8.5,18,0,0
C-Plus-Plus_math_approximate_pi.cpp,cpp,83,7,41,0.4939759036144578,30.960526315789473,81,0,3,15,0,1,2,0,1,0,3,14.0,26,0,0
C-Plus-Plus_math_area.cpp,cpp,303,35,93,0.3069306930693069,39.014925373134325,92,0,10,54,0,0,0,0,1,0,25,80.0,141,2,0
C-Plus-Plus_math_armstrong_number.cpp,cpp,91,6,47,0.5164835164835165,31.270588235294117,81,0,2,16,0,1,2,0,1,0,8,7.833333333333333,18,0,0
C-Plus-Plus_math_binary_exponent.cpp,cpp,71,5,31,0.43661971830985913,27.439393939393938,78,0,3,10,0,5,1,0,1,0,0,11.25,16,0,0
C-Plus-Plus_math_binomial_calculate.cpp,cpp,92,10,35,0.3804347826086957,29.121951219512194,72,0,3,20,0,4,1,0,1,0,23,19.0,31,0,0
C-Plus-Plus_math_check_amicable_pair.cpp,cpp,84,5,47,0.5595238095238095,31.240506329113924,79,0,4,13,0,2,1,0,1,0,10,16.333333333333332,37,0,0
C-Plus-Plus_math_check_factorial.cpp,cpp,74,6,39,0.527027027027027,28.38235294117647,79,0,2,14,0,1,1,0,1,1,4,14.0,29,0,0
C-Plus-Plus_math_check_prime.cpp,cpp,84,5,42,0.5,34.55696202531646,81,0,4,16,0,5,1,0,1,0,3,16.666666666666668,33,0,0
C-Plus-Plus_math_complex_numbers.cpp,cpp,271,20,121,0.44649446494464945,37.77290836653386,81,0,7,63,1,3,0,0,1,1,3,34.833333333333336,133,2,0
C-Plus-Plus_math_double_factorial.cpp,cpp,71,8,27,0.38028169014084506,27.317460317460316,80,0,3,15,0,2,1,0,1,0,4,6.6,11,0,0
C-Plus-Plus_math_eratosthenes.cpp,cpp,118,15,48,0.4067796610169492,33.80582524271845,81,0,5,29,0,2,3,0,1,0,2,23.333333333333332,31,0,0
C-Plus-Plus_math_eulers_totient_function.cpp,cpp,80,7,42,0.525,29.273972602739725,80,0,3,25,0,2,2,0,1,0,9,5.142857142857143,18,0,0
C-Plus-Plus_math_extended_euclid_algorithm.cpp,cpp,97,7,39,0.4020618556701031,27.477777777777778,86,0,2,18,0,3,1,0,1,0,0,7.833333333333333,16,0,0
C-Plus-Plus_math_factorial.cpp,cpp,60,4,30,0.5,26.714285714285715,79,0,2,15,0,2,0,0,1,0,7,9.666666666666666,17,0,0
C-Plus-Plus_math_factorial_memoization.cpp,cpp,65,6,30,0.46153846153846156,32.54237288135593,81,0,3,20,1,1,0,0,1,0,5,7.75,15,0,0
C-Plus-Plus_math_fast_power.cpp,cpp,93,13,27,0.2903225806451613,29.85,81,0,4,17,0,6,2,0,1,3,5,8.666666666666666,20,0,0
C-Plus-Plus_math_fibonacci.cpp,cpp,67,5,35,0.5223880597014925,27.774193548387096,74,0,2,14,0,1,0,0,1,0,4,9.25,22,0,0
C-Plus-Plus_math_fibonacci_fast.cpp,cpp,178,9,41,0.2303370786516854,34.89940828402367,94,0,11,102,0,2,0,1,1,0,172,42.0,105,1,0
C-Plus-Plus_math_fibonacci_large.cpp,cpp,85,10,16,0.18823529411764706,41.586666666666666,81,0,6,13,0,3,1,0,1,0,18,27.5,44,0,0
C-Plus-Plus_math_fibonacci_matrix_exponentiation.cpp,cpp,116,6,24,0.20689655172413793,32.70909090909091,81,0,13,21,0,1,11,0,1,10,12,27.333333333333332,60,1,0
C-Plus-Plus_math_fibonacci_sum.cpp,cpp,140,15,55,0.39285714285714285,30.448,84,0,9,30,0,2,0,0,1,0,6,14.142857142857142,65,1,0
C-Plus-Plus_math_finding_number_of_digits_in_a_number.cpp,cpp,103,10,47,0.4563106796116505,35.70967741935484,120,1,2,26,0,2,1,0,1,0,11,10.0,13,0,0
C-Plus-Plus_math_gcd_iterative_euclidean.cpp,cpp,58,8,14,0.2413793103448276,28.2,79,0,2,8,0,3,1,1,1,0,14,17.0,23,0,0
C-Plus-Plus_math_gcd_of_n_numbers.cpp,cpp,114,7,50,0.43859649122807015,30.46728971962617,81,0,1,19,0,4,1,0,1,0,19,26.0,56,1,0
C-Plus-Plus_math_gcd_recursive_euclidean.cpp,cpp,52,6,17,0.3269230769230769,26.869565217391305,79,0,2,10,0,6,0,1,1,0,14,15.5,20,0,0
C-Plus-Plus_math_integral_approximation.cpp,cpp,136,9,51,0.375,43.06299212598425,81,0,5,28,0,0,1,0,1,1,37,30.666666666666668,49,0,0
C-Plus-Plus_math_integral_approximation2.cpp,cpp,218,29,124,0.5688073394495413,38.75132275132275,81,0,9,31,0,8,2,0,1,1,6,49.0,79,2,0
C-Plus-Plus_math_inv_sqrt.cpp,cpp,103,10,49,0.47572815533980584,42.75268817204301,101,1,10,33,0,1,0,0,1,0,18,12.25,17,0,0
C-Plus-Plus_math_iterative_factorial.cpp,cpp,123,16,53,0.43089430894308944,29.037383177570092,79,0,4,20,0,1,1,1,1,0,14,21.666666666666668,39,0,0
C-Plus-Plus_math_largest_power.cpp,cpp,77,10,33,0.42857142857142855,29.28358208955224,89,0,2,17,0,0,1,0,1,1,4,13.0,18,0,0
C-Plus-Plus_math_large_factorial.cpp,cpp,118,18,91,0.7711864406779662,33.7,81,0,5,21,0,5,5,0,1,0,10,25.0,27,0,0
C-Plus-Plus_math_lcm_sum.cpp,cpp,100,12,34,0.34,31.886363636363637,79,0,4,26,0,1,5,0,1,0,7,6.5,32,0,0
C-Plus-Plus_math_least_common_multiple.cpp,cpp,81,9,28,0.345679012345679,31.875,81,0,4,16,0,4,0,0,1,0,16,12.0,22,0,0
C-Plus-Plus_math_linear_recurrence_matrix.cpp,cpp,373,26,218,0.5844504021447721,42.5014409221902,104,2,15,62,0,4,7,0,1,0,14,104.0,158,2,0
C-Plus-Plus_math_magic_number.cpp,cpp,81,7,37,0.4567901234567901,33.054054054054056,81,0,2,10,0,2,0,0,1,0,8,13.666666666666666,20,0,0
C-Plus-Plus_math_miller_rabin.cpp,cpp,186,10,74,0.3978494623655914,33.22159090909091,81,0,6,26,0,11,5,0,1,0,6,15.571428571428571,29,0,0
C-Plus-Plus_math_modular_division.cpp,cpp,114,5,60,0.5263157894736842,34.678899082568805,80,0,3,27,0,2,1,0,1,0,8,22.666666666666668,47,0,0
C-Plus-Plus_math_modular_exponentiation.cpp,cpp,89,7,41,0.4606741573033708,29.073170731707318,79,0,3,21,0,2,1,0,1,0,8,16.0,27,0,0
C-Plus-Plus_math_modular_inverse_fermat_little_theorem.cpp,cpp,140,6,81,0.5785714285714286,31.15671641791045,95,0,1,26,0,4,3,0,1,0,13,6.2,61,1,0
C-Plus-Plus_math_modular_inverse_simple.cpp,cpp,61,8,26,0.4262295081967213,28.69811320754717,75,0,2,8,0,0,1,0,1,0,4,5.8,15,0,0
C-Plus-Plus_math_ncr_modulo_p.cpp,cpp,195,16,72,0.36923076923076925,33.44134078212291,81,0,13,39,2,6,3,0,1,1,33,39.0,111,1,0
C-Plus-Plus_math_number_of_positive_divisors.cpp,cpp,83,7,46,0.5542168674698795,38.64473684210526,84,0,3,12,0,2,2,0,1,1,7,7.333333333333333,30,0,0
C-Plus-Plus_math_n_bonacci.cpp,cpp,107,5,45,0.4205607476635514,31.441176470588236,81,0,4,20,1,2,2,0,1,0,17,23.333333333333332,37,0,0
C-Plus-Plus_math_n_choose_r.cpp,cpp,81,3,40,0.49382716049382713,30.166666666666668,81,0,3,17,0,1,1,0,1,1,7,13.25,27,0,0
C-Plus-Plus_math_perimeter.cpp,cpp,287,32,87,0.30313588850174217,39.88235294117647,81,0,7,49,0,0,0,0,1,0,22,76.0,137,2,0
C-Plus-Plus_math_power_for_huge_numbers.cpp,cpp,90,12,46,0.5111111111111111,26.91025641025641,72,0,2,4,0,1,5,0,1,3,6,17.0,22,0,0
C-Plus-Plus_math_power_of_two.cpp,cpp,106,15,52,0.49056603773584906,30.956043956043956,81,0,2,13,0,3,0,0,1,1,4,12.5,19,0,0
C-Plus-Plus_math_primes_up_to_billion.cpp,cpp,36,4,33,0.9166666666666666,27.40625,71,0,4,4,0,3,2,0,1,0,3,10.5,11,0,0
C-Plus-Plus_math_prime_factorization.cpp,cpp,78,16,56,0.717948717948718,27.919354838709676,75,0,3,8,0,4,6,0,1,4,1,14.0,16,0,0
C-Plus-Plus_math_prime_numbers.cpp,cpp,41,2,17,0.4146341463414634,24.333333333333332,59,0,4,5,0,3,3,0,1,1,0,14.0,20,0,0
C-Plus-Plus_math_quadratic_equations_complex_numbers.cpp,cpp,189,17,68,0.35978835978835977,36.93023255813954,79,0,14,34,0,3,0,1,1,0,10,25.4,55,1,0
C-Plus-Plus_math_realtime_stats.cpp,cpp,193,31,93,0.48186528497409326,33.74691358024691,77,0,9,35,2,2,3,0,1,4,3,46.666666666666664,80,1,0
C-Plus-Plus_math_sieve_of_eratosthenes.cpp,cpp,122,11,50,0.4098360655737705,37.027027027027025,81,0,8,15,0,2,3,0,1,0,3,27.333333333333332,49,0,0
C-Plus-Plus_math_sqrt_double.cpp,cpp,49,2,26,0.5306122448979592,26.78723404255319,77,0,4,8,0,3,1,0,1,1,4,11.0,24,0,0
C-Plus-Plus_math_string_fibonacci.cpp,cpp,90,12,34,0.37777777777777777,26.17948717948718,80,0,3,7,0,2,5,0,1,1,5,17.333333333333332,33,0,0
C-Plus-Plus_math_sum_of_binomial_coefficient.cpp,cpp,67,8,30,0.44776119402985076,30.508474576271187,88,0,1,16,0,0,0,0,1,0,3,10.666666666666666,17,0,0
C-Plus-Plus_math_sum_of_digits.cpp,cpp,72,5,37,0.5138888888888888,24.34328358208955,71,0,2,13,0,1,1,0,1,0,6,6.2,12,0,0
C-Plus-Plus_math_vector_cross_product.cpp,cpp,132,7,88,0.6666666666666666,35.16,81,0,7,22,0,0,0,0,1,0,1,19.0,36,0,0
C-Plus-Plus_math_volume.cpp,cpp,238,27,81,0.3403361344537815,38.75355450236967,80,0,1,36,0,0,0,0,1,0,21,61.666666666666664,101,2,0
C-Plus-Plus_numerical_methods_babylonian_method.cpp,cpp,98,19,58,0.5918367346938775,35.0253164556962,92,0,3,13,0,0,2,0,1,1,9,16.666666666666668,25,0,0
C-Plus-Plus_numerical_methods_bisection_method.cpp,cpp,75,10,63,0.84,31.323076923076922,80,0,4,14,0,3,2,0,1,2,0,8.2,33,0,0
C-Plus-Plus_numerical_methods_brent_method_extrema.cpp,cpp,216,34,65,0.30092592592592593,31.23076923076923,79,0,4,43,0,17,1,0,1,2,2,21.666666666666668,87,1,0
C-Plus-Plus_numerical_methods_composite_simpson_rule.cpp,cpp,206,17,99,0.48058252427184467,41.5026455026455,81,0,6,43,0,4,2,0,1,2,10,31.75,66,1,0
C-Plus-Plus_numerical_methods_durand_kerner_roots.cpp,cpp,340,46,186,0.5470588235294118,38.085034013605444,123,2,10,56,0,15,16,0,1,7,17,29.0,75,1,0
C-Plus-Plus_numerical_methods_false_position.cpp,cpp,128,4,56,0.4375,32.11290322580645,81,0,16,22,0,10,1,0,1,1,2,23.0,63,1,0
C-Plus-Plus_numerical_methods_fast_fourier_transform.cpp,cpp,165,27,94,0.5696969696969697,36.45652173913044,143,1,8,14,0,3,4,0,1,2,5,32.0,49,0,0
C-Plus-Plus_numerical_methods_gaussian_elimination.cpp,cpp,76,10,74,0.9736842105263158,32.59090909090909,78,0,4,6,0,4,11,0,1,1,0,59.0,59,1,0
C-Plus-Plus_numerical_methods_golden_search_extrema.cpp,cpp,151,29,61,0.40397350993377484,33.42622950819672,81,0,4,33,0,3,1,0,1,0,2,11.0,33,0,0
C-Plus-Plus_numerical_methods_gram_schmidt.cpp,cpp,290,16,91,0.3137931034482759,33.40510948905109,81,0,10,21,0,11,20,0,1,21,28,46.0,128,2,0
C-Plus-Plus_numerical_methods_inverse_fast_fourier_transform.cpp,cpp,159,30,84,0.5283018867924528,37.44186046511628,86,0,12,15,0,3,4,0,1,2,5,31.666666666666668,52,1,0
C-Plus-Plus_numerical_methods_lu_decompose.cpp,cpp,90,13,46,0.5111111111111111,33.42857142857143,81,0,4,24,0,0,4,0,1,2,4,13.5,23,0,0
C-Plus-Plus_numerical_methods_midpoint_integral_method.cpp,cpp,199,17,94,0.4723618090452261,41.472527472527474,80,0,4,44,0,2,2,0,1,2,9,34.25,74,1,0
C-Plus-Plus_numerical_methods_newton_raphson_method.cpp,cpp,68,10,51,0.75,28.0,81,0,3,17,0,1,1,0,1,2,2,5.2,18,0,0
C-Plus-Plus_numerical_methods_ode_forward_euler.cpp,cpp,211,25,138,0.6540284360189573,36.333333333333336,121,2,6,38,0,6,4,0,1,4,1,17.285714285714285,59,1,0
C-Plus-Plus_numerical_methods_ode_midpoint_euler.cpp,cpp,214,27,135,0.6308411214953271,35.3903743315508,122,1,6,39,0,6,4,0,1,4,1,18.0,64,1,0
C-Plus-Plus_numerical_methods_ode_semi_implicit_euler.cpp,cpp,211,25,132,0.6255924170616114,36.31182795698925,127,1,7,38,0,6,4,0,1,4,1,17.857142857142858,63,1,0
C-Plus-Plus_numerical_methods_qr_decomposition.cpp,cpp,58,12,10,0.1724137931034483,31.108695652173914,77,0,3,12,0,2,3,0,1,3,0,28.0,28,0,0
C-Plus-Plus_numerical_methods_qr_eigen_values.cpp,cpp,284,37,144,0.5070422535211268,35.23076923076923,80,0,11,44,0,8,16,0,1,11,9,16.333333333333332,80,1,0
C-Plus-Plus_numerical_methods_rungekutta.cpp,cpp,133,15,68,0.5112781954887218,34.516949152542374,81,0,4,19,0,0,1,0,1,2,3,117.0,117,1,0
C-Plus-Plus_numerical_methods_successive_approximation.cpp,cpp,40,5,33,0.825,25.742857142857144,74,0,2,8,0,0,2,0,1,0,1,5.5,19,0,0
C-Plus-Plus_operations_on_datastructures_array_left_rotation.cpp,cpp,174,8,63,0.3620689655172414,31.849397590361445,89,0,8,31,0,1,5,0,1,2,5,34.0,86,1,0
C-Plus-Plus_operations_on_datastructures_array_right_rotation.cpp,cpp,175,8,64,0.3657142857142857,31.952095808383234,90,0,8,31,0,1,5,0,1,2,8,34.0,86,1,0
C-Plus-Plus_operations_on_datastructures_circular_linked_list.cpp,cpp,348,12,142,0.40804597701149425,30.077380952380953,81,0,3,57,2,4,6,0,1,0,0,76.75,214,2,0
C-Plus-Plus_operations_on_datastructures_circular_queue_using_array.cpp,cpp,58,7,0,0.0,20.15686274509804,52,0,3,10,0,6,2,0,0,1,5,11.0,20,0,0
C-Plus-Plus_operations_on_datastructures_get_size_of_linked_list.cpp,cpp,52,7,9,0.17307692307692307,30.866666666666667,83,0,3,13,1,2,1,0,0,1,1,9.5,18,0,0
C-Plus-Plus_operations_on_datastructures_inorder_successor_of_bst.cpp,cpp,427,56,146,0.34192037470725994,39.34231805929919,81,0,8,65,2,13,3,0,1,0,27,79.75,163,2,0
C-Plus-Plus_operations_on_datastructures_intersection_of_two_arrays.cpp,cpp,203,9,70,0.3448275862068966,36.5,81,0,9,38,0,3,2,0,1,0,2,40.5,102,1,0
C-Plus-Plus_operations_on_datastructures_reverse_a_linked_list_using_recusion.cpp,cpp,63,9,0,0.0,17.77777777777778,34,0,3,13,1,2,2,0,0,0,0,10.2,17,0,0
C-Plus-Plus_operations_on_datastructures_reverse_binary_tree.cpp,cpp,273,13,93,0.34065934065934067,34.542307692307695,75,0,4,75,2,7,3,0,1,0,0,57.5,144,2,0
C-Plus-Plus_operations_on_datastructures_selectionsortlinkedlist.cpp,cpp,172,13,53,0.3081395348837209,39.44654088050314,81,0,11,10,1,6,4,0,0,1,0,27.2,84,1,0
C-Plus-Plus_operations_on_datastructures_trie_multiple_search.cpp,cpp,467,51,160,0.3426124197002141,39.90625,84,0,10,75,1,19,10,0,1,4,12,128.66666666666666,353,1,0
C-Plus-Plus_operations_on_datastructures_union_of_two_arrays.cpp,cpp,220,9,70,0.3181818181818182,37.70142180094787,81,0,7,38,0,5,4,0,1,0,5,44.75,102,2,0
C-Plus-Plus_others_buzz_number.cpp,cpp,20,1,18,0.9,23.57894736842105,78,0,3,1,0,2,1,0,1,0,1,12.0,12,0,0
C-Plus-Plus_others_decimal_to_binary.cpp,cpp,55,8,12,0.21818181818181817,26.02127659574468,79,0,3,6,0,2,3,0,1,0,2,11.333333333333334,16,0,0
C-Plus-Plus_others_decimal_to_hexadecimal.cpp,cpp,34,6,8,0.23529411764705882,34.392857142857146,78,0,3,1,0,0,2,0,1,1,3,20.0,20,0,0
C-Plus-Plus_others_decimal_to_roman_numeral.cpp,cpp,98,5,24,0.24489795918367346,33.29032258064516,81,0,3,35,0,26,1,0,1,0,63,18.5,30,0,0
C-Plus-Plus_others_easter.cpp,cpp,110,12,43,0.39090909090909093,36.62244897959184,81,0,5,23,1,1,0,0,1,0,27,14.75,30,0,0
C-Plus-Plus_others_fast_integer_input.cpp,cpp,44,6,23,0.5227272727272727,28.86842105263158,81,0,2,6,0,2,1,0,1,0,2,14.0,22,0,0
C-Plus-Plus_others_happy_number.cpp,cpp,39,4,21,0.5384615384615384,26.285714285714285,81,0,3,2,0,2,2,0,1,0,2,11.5,13,0,0
C-Plus-Plus_others_iterative_tree_traversals.cpp,cpp,421,54,151,0.3586698337292161,39.55858310626703,81,0,5,56,4,7,17,0,1,6,0,35.0,138,1,0
C-Plus-Plus_others_kadanes3.cpp,cpp,86,7,49,0.5697674418604651,35.037974683544306,79,0,3,7,0,2,2,0,1,2,1,14.666666666666666,24,0,0
C-Plus-Plus_others_kelvin_to_celsius.cpp,cpp,81,6,46,0.5679012345679012,37.29333333333334,81,0,2,19,0,1,0,0,1,0,23,14.0,28,0,0
C-Plus-Plus_others_lfu_cache.cpp,cpp,304,41,120,0.39473684210526316,32.88973384030418,81,0,4,50,2,9,1,0,1,0,13,75.66666666666667,187,1,0
C-Plus-Plus_others_longest_substring_without_repeating_characters.cpp,cpp,110,12,49,0.44545454545454544,38.88775510204081,220,3,5,17,1,4,2,0,1,1,0,18.666666666666668,42,0,0
C-Plus-Plus_others_lru_cache.cpp,cpp,269,26,121,0.44981412639405205,32.32921810699588,98,0,7,76,1,3,1,0,1,0,0,61.333333333333336,92,2,0
C-Plus-Plus_others_lru_cache2.cpp,cpp,277,38,100,0.36101083032490977,30.10041841004184,102,1,3,52,2,8,1,1,1,0,13,68.66666666666667,162,1,0
C-Plus-Plus_others_matrix_exponentiation.cpp,cpp,148,16,82,0.5540540540540541,29.704545454545453,81,0,7,24,0,7,10,0,1,0,2,8.1,31,0,0
C-Plus-Plus_others_palindrome_of_number.cpp,cpp,35,6,26,0.7428571428571429,26.689655172413794,73,0,2,4,0,2,0,0,1,0,0,13.0,13,0,0
C-Plus-Plus_others_paranthesis_matching.cpp,cpp,75,11,29,0.38666666666666666,26.640625,80,0,3,6,0,3,1,0,1,0,0,15.333333333333334,23,0,0
C-Plus-Plus_others_pascal_triangle.cpp,cpp,75,9,20,0.26666666666666666,26.363636363636363,81,0,4,8,0,4,6,0,1,7,0,13.666666666666666,19,0,0
C-Plus-Plus_others_postfix_evaluation.cpp,cpp,214,28,54,0.2523364485981308,31.526881720430108,77,0,9,53,0,3,1,3,1,1,4,13.727272727272727,83,1,0
C-Plus-Plus_others_primality_test.cpp,cpp,42,4,28,0.6666666666666666,29.473684210526315,78,0,3,4,0,4,1,0,1,1,2,10.5,11,0,0
C-Plus-Plus_others_recursive_tree_traversal.cpp,cpp,401,42,150,0.3740648379052369,40.53760445682451,81,0,13,87,4,4,9,0,1,0,4,46.5,116,2,0
C-Plus-Plus_others_smallest_circle.cpp,cpp,205,12,139,0.6780487804878049,35.36787564766839,81,0,10,56,1,5,6,0,1,5,0,10.833333333333334,63,1,0
C-Plus-Plus_others_sparse_matrix.cpp,cpp,48,9,45,0.9375,30.71794871794872,78,0,4,2,0,3,6,0,1,6,0,17.0,33,0,0
C-Plus-Plus_others_spiral_print.cpp,cpp,81,10,32,0.3950617283950617,27.56338028169014,68,0,3,5,0,2,9,0,1,8,0,18.333333333333332,33,0,0
C-Plus-Plus_others_stairs_pattern.cpp,cpp,35,1,33,0.9428571428571428,21.294117647058822,63,0,4,1,0,0,4,0,1,0,0,19.0,19,0,0
C-Plus-Plus_others_tower_of_hanoi.cpp,cpp,85,11,60,0.7058823529411765,25.135135135135137,68,0,2,12,2,1,4,0,1,4,1,10.2,15,0,0
C-Plus-Plus_others_vector_important_functions.cpp,cpp,43,10,38,0.8837209302325582,38.39393939393939,78,0,1,9,0,0,3,0,1,4,5,24.0,24,0,0
C-Plus-Plus_physics_ground_to_ground_projectile_motion.cpp,cpp,146,17,57,0.3904109589041096,43.798449612403104,124,6,11,24,0,0,0,0,1,0,12,33.666666666666664,53,1,0
C-Plus-Plus_probability_addition_rule.cpp,cpp,42,6,32,0.7619047619047619,32.166666666666664,79,0,3,8,0,0,0,0,1,0,2,5.333333333333333,10,0,0
C-Plus-Plus_probability_bayes_theorem.cpp,cpp,34,3,15,0.4411764705882353,28.483870967741936,79,0,1,13,0,0,0,0,1,0,1,5.0,9,0,0
C-Plus-Plus_probability_binomial_dist.cpp,cpp,100,15,61,0.61,33.76470588235294,81,0,8,23,0,0,3,0,1,3,10,3.2142857142857144,12,0,0
C-Plus-Plus_probability_exponential_dist.cpp,cpp,151,15,43,0.2847682119205298,34.838235294117645,81,0,8,23,0,3,0,2,1,0,4,26.75,62,1,0
C-Plus-Plus_probability_geometric_dist.cpp,cpp,260,26,112,0.4307692307692308,41.23504273504273,81,0,7,76,1,0,2,0,1,0,11,31.333333333333332,112,1,0
C-Plus-Plus_probability_poisson_dist.cpp,cpp,79,10,31,0.3924050632911392,27.81159420289855,78,0,3,15,0,1,2,0,1,2,0,5.285714285714286,12,0,0
C-Plus-Plus_probability_windowed_median.cpp,cpp,234,18,104,0.4444444444444444,42.83796296296296,96,0,11,50,1,8,3,0,1,2,15,55.666666666666664,122,1,0
C-Plus-Plus_range_queries_fenwick_tree.cpp,cpp,135,11,70,0.5185185185185185,32.17741935483871,79,0,3,25,1,0,3,0,1,1,2,30.333333333333332,76,1,0
C-Plus-Plus_range_queries_heavy_light_decomposition.cpp,cpp,646,43,265,0.4102167182662539,32.917081260364846,81,0,11,101,3,27,22,0,1,30,13,106.6,417,1,0
C-Plus-Plus_range_queries_mo.cpp,cpp,67,4,0,0.0,22.19047619047619,55,0,3,13,1,3,8,0,0,0,0,11.0,37,0,0
C-Plus-Plus_range_queries_persistent_seg_tree_lazy_prop.cpp,cpp,322,14,137,0.4254658385093168,42.15584415584416,81,0,8,42,2,11,3,0,1,0,6,89.33333333333333,219,1,0
C-Plus-Plus_range_queries_prefix_sum_array.cpp,cpp,85,9,45,0.5294117647058824,30.18421052631579,81,0,8,18,0,0,1,0,1,0,7,14.666666666666666,28,0,0
C-Plus-Plus_range_queries_segtree.cpp,cpp,219,35,65,0.2968036529680365,36.83695652173913,81,0,5,54,0,14,2,0,1,1,1,21.8,41,0,0
C-Plus-Plus_range_queries_sparse_table_range_queries.cpp,cpp,105,5,46,0.4380952380952381,32.5,81,0,10,18,0,1,3,0,1,6,1,37.0,64,1,0
C-Plus-Plus_search_binary_search.cpp,cpp,150,13,80,0.5333333333333333,43.8978102189781,130,1,3,26,0,2,1,0,1,0,11,15.2,34,0,0
C-Plus-Plus_search_exponential_search.cpp,cpp,84,6,42,0.5,36.243589743589745,81,0,7,29,0,4,2,0,1,0,8,12.333333333333334,13,0,0
C-Plus-Plus_data_structures_cll_cll.h,c,43,5,32,0.7441860465116279,32.86842105263158,72,0,1,10,1,0,0,0,1,0,0,13.5,23,0,0
C-Plus-Plus_math_large_number.h,c,288,29,111,0.3854166666666667,31.266409266409266,81,0,5,53,0,15,8,0,1,1,27,237.0,237,1,0
C-Plus-Plus_numerical_methods_lu_decomposition.h,c,102,13,35,0.3431372549019608,30.48314606741573,81,0,4,8,0,3,6,0,1,0,0,27.0,43,0,0
C-Plus-Plus_numerical_methods_qr_decompose.h,c,210,22,144,0.6857142857142857,33.17553191489362,94,0,7,25,0,1,11,0,1,3,2,163.0,163,1,0
